角色ID,名字,泛用性評估,功能定位與戰術價值,培養建議
035,ウルトラケサラン,白質面板偏低，不建議盲目帶入常駐推圖關卡。,核心定位為【倉庫管理員】。 定位較為尷尬或屬於前期過渡角色，戰術價值有待開發。,綜合評價極低，幾乎沒有對策性，不推薦抽取及培養。
043,ネコアイスクリスタル,泛用性表現中規中矩，面對非針對屬性時，傷害和坦度會有明顯不足。,核心定位為【倉庫管理員】。 定位較為尷尬或屬於前期過渡角色，戰術價值有待開發。,中等強度，可視關卡敵人屬性與陣容缺口，適當投入資源。
044,ネコマシン・滅,白質面板高，非針對屬性也有一定強度，在沒有更強力的泛用貓時，可作為萬用解上場。,核心定位為【屬性特化型角色】。 主要針對 <紅色敵人、異星敵人> 發揮特化效果。 · 生存特化：在對應屬性關卡中坦度與續戰力突出，可站場承受傷害。,強度偏高，有一定的戰力，培養完成可以適應大部分關卡。
045,獄炎鬼にゃんま,白質面板優秀，具備極高的常駐泛用性，即使面對非特化關卡也能作為主力出擊。,核心定位為【戰術控場型角色】 擅長以 <攻擊力下降> 控制 <無特定屬性> 。,強度偏高，有一定的戰力，培養完成可以適應大部分關卡。
054,フィリバスター,白質面板高，非針對屬性也有一定強度，在沒有更強力的泛用貓時，可作為萬用解上場。,核心定位為【戰術控場型角色】 · 針對多種屬性敵人發揮控場，泛用戰術價值較高。 主要使用 <使動作停止> 發揮壓制能力。,綜合評價極高，強烈建議優先培養並編入對應關卡主力。
058,ネコパラディン,泛用性表現中規中矩，面對非針對屬性時，傷害和坦度會有明顯不足。,核心定位為【倉庫管理員】。 定位較為尷尬或屬於前期過渡角色，戰術價值有待開發。,中等強度，可視關卡敵人屬性與陣容缺口，適當投入資源。
060,ネコベビーワールド,白質面板高，非針對屬性也有一定強度，在沒有更強力的泛用貓時，可作為萬用解上場。,核心定位為【戰術控場型角色】 擅長以 <打飛敵人> 控制 <漂浮敵人、異星敵人> 。,強度偏高，有一定的戰力，培養完成可以適應大部分關卡。
067,KHM46,白質面板高，非針對屬性也有一定強度，在沒有更強力的泛用貓時，可作為萬用解上場。,核心定位為【倉庫管理員】。 定位較為尷尬或屬於前期過渡角色，戰術價值有待開發。,中等強度，可視關卡敵人屬性與陣容缺口，適當投入資源。
072,飛翔の武神・真田幸村,白質面板優秀，具備極高的常駐泛用性，即使面對非特化關卡也能作為主力出擊。,核心定位為【屬性特化型角色】。 主要針對 <黑色敵人> 發揮特化效果。 · 傷害特化：對指定屬性敵人具極高爆發輸出，屬該屬性的絕佳輸出手。,綜合評價極高，強烈建議優先培養並編入對應關卡主力。
073,憤怒の武神・前田慶次,白質面板高，非針對屬性也有一定強度，在沒有更強力的泛用貓時，可作為萬用解上場。,核心定位為【屬性特化型角色】。 主要針對 <黑色敵人> 發揮特化效果。 · 生存特化：在對應屬性關卡中坦度與續戰力突出，可站場承受傷害。,強度偏高，有一定的戰力，培養完成可以適應大部分關卡。
074,夢幻天魔・織田信長,白質面板高，非針對屬性也有一定強度，在沒有更強力的泛用貓時，可作為萬用解上場。,核心定位為【戰術控場型角色】 擅長以 <使動作停止> 控制 <黑色敵人、惡魔> 。,強度偏高，有一定的戰力，培養完成可以適應大部分關卡。
076,アルティメットウィンディα,白質面板高，非針對屬性也有一定強度，在沒有更強力的泛用貓時，可作為萬用解上場。,核心定位為【屬性特化型角色】。 主要針對 <漂浮敵人> 發揮特化效果。 · 傷害特化：對指定屬性敵人具極高爆發輸出，屬該屬性的絕佳輸出手。,綜合評價極高，強烈建議優先培養並編入對應關卡主力。
077,アルティメットサンディアβ,白質面板優秀，具備極高的常駐泛用性，即使面對非特化關卡也能作為主力出擊。,核心定位為【全能型複合角色】 同時兼具面板、對屬特化與控場機制， 屬於抽到值得優先培養的核心。,綜合評價極高，強烈建議優先培養並編入對應關卡主力。
084,地龍皇帝ソドム,白質面板偏低，不建議盲目帶入常駐推圖關卡。,核心定位為【倉庫管理員】。 定位較為尷尬或屬於前期過渡角色，戰術價值有待開發。,強度偏低，若對部分關卡有特殊對策性，可延後投資。
085,聖龍皇帝メギドラ,白質面板偏低，不建議盲目帶入常駐推圖關卡。,核心定位為【倉庫管理員】。 定位較為尷尬或屬於前期過渡角色，戰術價值有待開發。,中等強度，可視關卡敵人屬性與陣容缺口，適當投入資源。
086,竜騎士皇帝バルス,泛用性表現中規中矩，面對非針對屬性時，傷害和坦度會有明顯不足。,核心定位為【倉庫管理員】。 定位較為尷尬或屬於前期過渡角色，戰術價值有待開發。,中等強度，可視關卡敵人屬性與陣容缺口，適當投入資源。
087,神龍皇帝かむくら,白質面板偏低，不建議盲目帶入常駐推圖關卡。,核心定位為【倉庫管理員】。 定位較為尷尬或屬於前期過渡角色，戰術價值有待開發。,綜合評價極低，幾乎沒有對策性，不推薦抽取及培養。
088,竜戦機皇帝ライデン,白質面板偏低，不建議盲目帶入常駐推圖關卡。,核心定位為【屬性特化型角色】。 主要針對 <紅色敵人> 發揮特化效果。 · 輸出和生存兼顧：攻擊與耐久平衡，適合長線壓制與持續推進。,中等強度，可視關卡敵人屬性與陣容缺口，適當投入資源。
090,帰化型ニムエ,白質面板偏低，不建議盲目帶入常駐推圖關卡。,核心定位為【屬性特化型角色】。 主要針對 <紅色敵人> 發揮特化效果。 · 傷害特化：對指定屬性敵人具極高爆發輸出，屬該屬性的絕佳輸出手。,中等強度，可視關卡敵人屬性與陣容缺口，適當投入資源。
091,SSS猿王,白質面板高，非針對屬性也有一定強度，在沒有更強力的泛用貓時，可作為萬用解上場。,核心定位為【倉庫管理員】。 定位較為尷尬或屬於前期過渡角色，戰術價值有待開發。,強度偏高，有一定的戰力，培養完成可以適應大部分關卡。
106,金猿帝のクウγ,白質面板優秀，具備極高的常駐泛用性，即使面對非特化關卡也能作為主力出擊。,核心定位為【全能型複合角色】 同時兼具面板、對屬特化與控場機制， 屬於抽到值得優先培養的核心。,強度偏高，有一定的戰力，培養完成可以適應大部分關卡。
107,召し猪のカイμ,白質面板優秀，具備極高的常駐泛用性，即使面對非特化關卡也能作為主力出擊。,核心定位為【屬性特化型角色】。 主要針對 <漂浮敵人> 發揮特化效果。 · 生存特化：在對應屬性關卡中坦度與續戰力突出，可站場承受傷害。,綜合評價極高，強烈建議優先培養並編入對應關卡主力。
108,光宝杖のカッパーκ,白質面板高，非針對屬性也有一定強度，在沒有更強力的泛用貓時，可作為萬用解上場。,核心定位為【戰術控場型角色】 擅長以 <使動作停止> 控制 <漂浮敵人> 。,強度偏高，有一定的戰力，培養完成可以適應大部分關卡。
120,ニャイバーン＆アレク,白質面板高，非針對屬性也有一定強度，在沒有更強力的泛用貓時，可作為萬用解上場。,核心定位為【屬性特化型角色】。 主要針對 <黑色敵人> 發揮特化效果。 · 傷害特化：對指定屬性敵人具極高爆發輸出，屬該屬性的絕佳輸出手。,強度偏高，有一定的戰力，培養完成可以適應大部分關卡。
125,邪眼竜の武神・伊達政宗,白質面板偏低，不建議盲目帶入常駐推圖關卡。,核心定位為【倉庫管理員】。 定位較為尷尬或屬於前期過渡角色，戰術價值有待開發。,強度偏低，若對部分關卡有特殊對策性，可延後投資。
126,猛牛の武神・武田信玄,白質面板高，非針對屬性也有一定強度，在沒有更強力的泛用貓時，可作為萬用解上場。,核心定位為【倉庫管理員】。 定位較為尷尬或屬於前期過渡角色，戰術價值有待開發。,強度偏高，有一定的戰力，培養完成可以適應大部分關卡。
135,竜宮超獣キングガメレオン,泛用性表現中規中矩，面對非針對屬性時，傷害和坦度會有明顯不足。,核心定位為【戰術控場型角色】 擅長以 <攻擊力下降> 控制 <黑色敵人、天使> 。,中等強度，可視關卡敵人屬性與陣容缺口，適當投入資源。
136,究極勇者ウルトラコスモ,白質面板優秀，具備極高的常駐泛用性，即使面對非特化關卡也能作為主力出擊。,核心定位為【戰術控場型角色】 擅長以 <多種控場能力> 控制 <漂浮敵人、天使> 。,綜合評價極高，強烈建議優先培養並編入對應關卡主力。
137,爆走兄弟ピーチジャスティス,泛用性表現中規中矩，面對非針對屬性時，傷害和坦度會有明顯不足。,核心定位為【倉庫管理員】。 定位較為尷尬或屬於前期過渡角色，戰術價值有待開發。,強度偏低，若對部分關卡有特殊對策性，可延後投資。
138,ウルトラかさじぞう,白質面板優秀，具備極高的常駐泛用性，即使面對非特化關卡也能作為主力出擊。,核心定位為【倉庫管理員】。 定位較為尷尬或屬於前期過渡角色，戰術價值有待開發。,強度偏高，有一定的戰力，培養完成可以適應大部分關卡。
139,ウルトラかぐやひめ,白質面板優秀，具備極高的常駐泛用性，即使面對非特化關卡也能作為主力出擊。,核心定位為【戰術控場型角色】 擅長以 <使動作變慢> 控制 <鋼鐵敵人、天使> 。,綜合評價極高，強烈建議優先培養並編入對應關卡主力。
144,ジョイフルねこナース,白質面板偏低，不建議盲目帶入常駐推圖關卡。,核心定位為【倉庫管理員】。 定位較為尷尬或屬於前期過渡角色，戰術價值有待開發。,強度偏低，若對部分關卡有特殊對策性，可延後投資。
159,毘沙門軍神・上杉謙信,泛用性表現中規中矩，面對非針對屬性時，傷害和坦度會有明顯不足。,核心定位為【屬性壓制型角色】。 主要針對 <黑色敵人> 發揮壓制效果。 · 輸出和生存兼顧：攻擊與耐久平衡，適合長線壓制與持續推進。 擅長以 <打飛敵人> 控制 <黑色敵人> 。,強度偏高，有一定的戰力，培養完成可以適應大部分關卡。
160,冥界のXXカリファ,泛用性表現中規中矩，面對非針對屬性時，傷害和坦度會有明顯不足。,核心定位為【倉庫管理員】。 定位較為尷尬或屬於前期過渡角色，戰術價值有待開發。,中等強度，可視關卡敵人屬性與陣容缺口，適當投入資源。
162,大狂乱のケリ姫,白質面板高，非針對屬性也有一定強度，在沒有更強力的泛用貓時，可作為萬用解上場。,核心定位為【戰術控場型角色】 擅長以 <打飛敵人> 控制 <鋼鐵敵人、不死生物> 。,強度偏高，有一定的戰力，培養完成可以適應大部分關卡。
169,アタタタアシラン,白質面板偏低，不建議盲目帶入常駐推圖關卡。,核心定位為【戰術控場型角色】 · 針對多種屬性敵人發揮控場，泛用戰術價值較高。 主要使用 <使動作變慢> 發揮壓制能力。,中等強度，可視關卡敵人屬性與陣容缺口，適當投入資源。
170,E・クビランパサラン,白質面板偏低，不建議盲目帶入常駐推圖關卡。,核心定位為【倉庫管理員】。 定位較為尷尬或屬於前期過渡角色，戰術價值有待開發。,綜合評價極低，幾乎沒有對策性，不推薦抽取及培養。
171,ムギワラテサラン,泛用性表現中規中矩，面對非針對屬性時，傷害和坦度會有明顯不足。,核心定位為【倉庫管理員】。 定位較為尷尬或屬於前期過渡角色，戰術價值有待開發。,中等強度，可視關卡敵人屬性與陣容缺口，適當投入資源。
172,ピカランバララン,白質面板偏低，不建議盲目帶入常駐推圖關卡。,核心定位為【倉庫管理員】。 定位較為尷尬或屬於前期過渡角色，戰術價值有待開發。,綜合評價極低，幾乎沒有對策性，不推薦抽取及培養。
175,太平洋の主,泛用性表現中規中矩，面對非針對屬性時，傷害和坦度會有明顯不足。,核心定位為【倉庫管理員】。 定位較為尷尬或屬於前期過渡角色，戰術價值有待開發。,中等強度，可視關卡敵人屬性與陣容缺口，適當投入資源。
178,大覇龍皇帝ディオラムス,泛用性表現中規中矩，面對非針對屬性時，傷害和坦度會有明顯不足。,核心定位為【戰術控場型角色】 擅長以 <多種控場能力> 控制 <天使、異星敵人> 。,強度偏高，有一定的戰力，培養完成可以適應大部分關卡。
181,謎のネコ耳少女ユキ,泛用性表現中規中矩，面對非針對屬性時，傷害和坦度會有明顯不足。,核心定位為【屬性壓制型角色】。 主要針對 <漂浮敵人> 發揮壓制效果。 · 傷害特化：對指定屬性敵人具極高爆發輸出，屬該屬性的絕佳輸出手。 擅長以 <攻擊力下降> 控制 <漂浮敵人> 。,強度偏高，有一定的戰力，培養完成可以適應大部分關卡。
186,革命のハルシュトCC,泛用性表現中規中矩，面對非針對屬性時，傷害和坦度會有明顯不足。,核心定位為【屬性特化型角色】。 主要針對 <鋼鐵敵人> 發揮特化效果。 · 生存特化：在對應屬性關卡中坦度與續戰力突出，可站場承受傷害。,強度偏高，有一定的戰力，培養完成可以適應大部分關卡。
187,コーネリアCC,白質面板高，非針對屬性也有一定強度，在沒有更強力的泛用貓時，可作為萬用解上場。,核心定位為【倉庫管理員】。 定位較為尷尬或屬於前期過渡角色，戰術價值有待開發。,中等強度，可視關卡敵人屬性與陣容缺口，適當投入資源。
188,休日の騎士様ユーヴェンスCC,白質面板優秀，具備極高的常駐泛用性，即使面對非特化關卡也能作為主力出擊。,核心定位為【倉庫管理員】。 定位較為尷尬或屬於前期過渡角色，戰術價值有待開發。,強度偏高，有一定的戰力，培養完成可以適應大部分關卡。
189,寂救のミスティカCC,泛用性表現中規中矩，面對非針對屬性時，傷害和坦度會有明顯不足。,核心定位為【屬性壓制型角色】。 主要針對 <黑色敵人、惡魔> 發揮壓制效果。 · 輸出和生存兼顧：攻擊與耐久平衡，適合長線壓制與持續推進。 擅長以 <使動作變慢> 控制 <黑色敵人、惡魔> 。,強度偏高，有一定的戰力，培養完成可以適應大部分關卡。
195,インフェルノ・アキラ,白質面板高，非針對屬性也有一定強度，在沒有更強力的泛用貓時，可作為萬用解上場。,核心定位為【全能型複合角色】 同時兼具面板、對屬特化與控場機制， 屬於抽到值得優先培養的核心。,綜合評價極高，強烈建議優先培養並編入對應關卡主力。
196,アストロDr.メカ子,白質面板高，非針對屬性也有一定強度，在沒有更強力的泛用貓時，可作為萬用解上場。,核心定位為【全能型複合角色】 同時兼具面板、對屬特化與控場機制， 屬於抽到值得優先培養的核心。,綜合評價極高，強烈建議優先培養並編入對應關卡主力。
197,キャットマンライジング,泛用性表現中規中矩，面對非針對屬性時，傷害和坦度會有明顯不足。,核心定位為【戰術控場型角色】 擅長以 <詛咒> 控制 <異星敵人、古代種> 。,中等強度，可視關卡敵人屬性與陣容缺口，適當投入資源。
204,豪炎狙撃車ウーウー,白質面板偏低，不建議盲目帶入常駐推圖關卡。,核心定位為【倉庫管理員】。 定位較為尷尬或屬於前期過渡角色，戰術價值有待開發。,強度偏低，若對部分關卡有特殊對策性，可延後投資。
213,スペクトルキャット,泛用性表現中規中矩，面對非針對屬性時，傷害和坦度會有明顯不足。,核心定位為【屬性壓制型角色】。 主要針對 <紅色敵人、異星敵人> 發揮壓制效果。 · 輸出和生存兼顧：攻擊與耐久平衡，適合長線壓制與持續推進。 擅長以 <使動作變慢> 控制 <紅色敵人、異星敵人> 。,強度偏高，有一定的戰力，培養完成可以適應大部分關卡。
223,ゴールデンヒュージハーミットCC,白質面板優秀，具備極高的常駐泛用性，即使面對非特化關卡也能作為主力出擊。,核心定位為【倉庫管理員】。 定位較為尷尬或屬於前期過渡角色，戰術價值有待開發。,強度偏高，有一定的戰力，培養完成可以適應大部分關卡。
224,ゴールデンジュピターCC,白質面板偏低，不建議盲目帶入常駐推圖關卡。,核心定位為【戰術控場型角色】 擅長以 <多種控場能力> 控制 <異星敵人> 。,中等強度，可視關卡敵人屬性與陣容缺口，適當投入資源。
225,ゴールデンモーデンCC,白質面板高，非針對屬性也有一定強度，在沒有更強力的泛用貓時，可作為萬用解上場。,核心定位為【戰術控場型角色】 擅長以 <打飛敵人> 控制 <無屬性、異星敵人> 。,強度偏高，有一定的戰力，培養完成可以適應大部分關卡。
226,ハイ・ドゥ MK III CC,泛用性表現中規中矩，面對非針對屬性時，傷害和坦度會有明顯不足。,核心定位為【屬性壓制型角色】。 主要針對 <漂浮敵人> 發揮壓制效果。 · 輸出和生存兼顧：攻擊與耐久平衡，適合長線壓制與持續推進。 擅長以 <打飛敵人> 控制 <漂浮敵人> 。,強度偏高，有一定的戰力，培養完成可以適應大部分關卡。
227,奇術科学者クレイG,白質面板優秀，具備極高的常駐泛用性，即使面對非特化關卡也能作為主力出擊。,核心定位為【倉庫管理員】。 定位較為尷尬或屬於前期過渡角色，戰術價值有待開發。,強度偏高，有一定的戰力，培養完成可以適應大部分關卡。
230,ウィンディスイートα,泛用性表現中規中矩，面對非針對屬性時，傷害和坦度會有明顯不足。,核心定位為【屬性特化型角色】。 主要針對 <異星敵人> 發揮特化效果。 · 傷害特化：對指定屬性敵人具極高爆發輸出，屬該屬性的絕佳輸出手。,強度偏高，有一定的戰力，培養完成可以適應大部分關卡。
231,デビルサンディアβ,泛用性表現中規中矩，面對非針對屬性時，傷害和坦度會有明顯不足。,核心定位為【屬性特化型角色】。 主要針對 <黑色敵人> 發揮特化效果。 · 傷害特化：對指定屬性敵人具極高爆發輸出，屬該屬性的絕佳輸出手。,強度偏高，有一定的戰力，培養完成可以適應大部分關卡。
237,軍神オーディンCC,泛用性表現中規中矩，面對非針對屬性時，傷害和坦度會有明顯不足。,核心定位為【屬性特化型角色】。 主要針對 <天使> 發揮特化效果。 · 傷害特化：對指定屬性敵人具極高爆發輸出，屬該屬性的絕佳輸出手。 · 生存特化：在對應屬性關卡中坦度與續戰力突出，可站場承受傷害。,強度偏高，有一定的戰力，培養完成可以適應大部分關卡。
241,デイダラトゲラン,白質面板偏低，不建議盲目帶入常駐推圖關卡。,核心定位為【倉庫管理員】。 定位較為尷尬或屬於前期過渡角色，戰術價值有待開發。,綜合評價極低，幾乎沒有對策性，不推薦抽取及培養。
242,雪妖精のスノーカイμ,白質面板高，非針對屬性也有一定強度，在沒有更強力的泛用貓時，可作為萬用解上場。,核心定位為【倉庫管理員】。 定位較為尷尬或屬於前期過渡角色，戰術價值有待開發。,中等強度，可視關卡敵人屬性與陣容缺口，適當投入資源。
243,サンタのメリークウγ,泛用性表現中規中矩，面對非針對屬性時，傷害和坦度會有明顯不足。,核心定位為【倉庫管理員】。 定位較為尷尬或屬於前期過渡角色，戰術價值有待開發。,強度偏低，若對部分關卡有特殊對策性，可延後投資。
258,Gギガントゼウス,白質面板偏低，不建議盲目帶入常駐推圖關卡。,核心定位為【倉庫管理員】。 定位較為尷尬或屬於前期過渡角色，戰術價值有待開發。,強度偏低，若對部分關卡有特殊對策性，可延後投資。
259,Gパーフェクトアヌビス,白質面板優秀，具備極高的常駐泛用性，即使面對非特化關卡也能作為主力出擊。,核心定位為【戰術控場型角色】 擅長以 <打飛敵人> 控制 <不死生物> 。,綜合評價極高，強烈建議優先培養並編入對應關卡主力。
260,Gメガロディーテ,白質面板偏低，不建議盲目帶入常駐推圖關卡。,核心定位為【屬性特化型角色】。 主要針對 <異星敵人> 發揮特化效果。 · 傷害特化：對指定屬性敵人具極高爆發輸出，屬該屬性的絕佳輸出手。,強度偏高，有一定的戰力，培養完成可以適應大部分關卡。
262,滅殺ハヤブサ,泛用性表現中規中矩，面對非針對屬性時，傷害和坦度會有明顯不足。,核心定位為【倉庫管理員】。 定位較為尷尬或屬於前期過渡角色，戰術價值有待開發。,中等強度，可視關卡敵人屬性與陣容缺口，適當投入資源。
270,皇獣ガオウ,泛用性表現中規中矩，面對非針對屬性時，傷害和坦度會有明顯不足。,核心定位為【屬性特化型角色】。 主要針對 <多種屬性敵人> 發揮特化效果。 · 輸出和生存兼顧：攻擊與耐久平衡，適合長線壓制與持續推進。,中等強度，可視關卡敵人屬性與陣容缺口，適當投入資源。
271,狂乱のネコ耳ユキ,泛用性表現中規中矩，面對非針對屬性時，傷害和坦度會有明顯不足。,核心定位為【屬性特化型角色】。 主要針對 <紅色敵人、黑色敵人> 發揮特化效果。 · 傷害特化：對指定屬性敵人具極高爆發輸出，屬該屬性的絕佳輸出手。,強度偏高，有一定的戰力，培養完成可以適應大部分關卡。
272,Gテラアマテラス,白質面板高，非針對屬性也有一定強度，在沒有更強力的泛用貓時，可作為萬用解上場。,核心定位為【屬性特化型角色】。 主要針對 <多種屬性敵人> 發揮特化效果。 · 傷害特化：對指定屬性敵人具極高爆發輸出，屬該屬性的絕佳輸出手。,強度偏高，有一定的戰力，培養完成可以適應大部分關卡。
273,Gガネーシャエクサ,白質面板高，非針對屬性也有一定強度，在沒有更強力的泛用貓時，可作為萬用解上場。,核心定位為【倉庫管理員】。 定位較為尷尬或屬於前期過渡角色，戰術價值有待開發。,強度偏高，有一定的戰力，培養完成可以適應大部分關卡。
275,トロピカルXカリファ,泛用性表現中規中矩，面對非針對屬性時，傷害和坦度會有明顯不足。,核心定位為【屬性特化型角色】。 主要針對 <紅色敵人> 發揮特化效果。 · 傷害特化：對指定屬性敵人具極高爆發輸出，屬該屬性的絕佳輸出手。,強度偏高，有一定的戰力，培養完成可以適應大部分關卡。
276,ブライトサマーキャット,泛用性表現中規中矩，面對非針對屬性時，傷害和坦度會有明顯不足。,核心定位為【戰術控場型角色】 擅長以 <多種控場能力> 控制 <黑色敵人、天使> 。,中等強度，可視關卡敵人屬性與陣容缺口，適當投入資源。
284,猫拳王パイパイDX,白質面板優秀，具備極高的常駐泛用性，即使面對非特化關卡也能作為主力出擊。,核心定位為【全能型複合角色】 同時兼具面板、對屬特化與控場機制， 屬於抽到值得優先培養的核心。,綜合評價極高，強烈建議優先培養並編入對應關卡主力。
287,閃雷輝兵ウイングレイ,白質面板高，非針對屬性也有一定強度，在沒有更強力的泛用貓時，可作為萬用解上場。,核心定位為【屬性特化型角色】。 主要針對 <漂浮敵人> 發揮特化效果。 · 傷害特化：對指定屬性敵人具極高爆發輸出，屬該屬性的絕佳輸出手。 · 生存特化：在對應屬性關卡中坦度與續戰力突出，可站場承受傷害。,綜合評價極高，強烈建議優先培養並編入對應關卡主力。
289,アルティメットまどか,泛用性表現中規中矩，面對非針對屬性時，傷害和坦度會有明顯不足。,核心定位為【屬性特化型角色】。 主要針對 <漂浮敵人、不死生物、古代種> 發揮特化效果。 · 傷害特化：對指定屬性敵人具極高爆發輸出，屬該屬性的絕佳輸出手。,強度偏高，有一定的戰力，培養完成可以適應大部分關卡。
290,悪魔ほむら,白質面板偏低，不建議盲目帶入常駐推圖關卡。,核心定位為【屬性特化型角色】。 主要針對 <紅色敵人、黑色敵人、惡魔> 發揮特化效果。 · 輸出和生存兼顧：攻擊與耐久平衡，適合長線壓制與持續推進。,中等強度，可視關卡敵人屬性與陣容缺口，適當投入資源。
291,さやか＆ネコ,白質面板高，非針對屬性也有一定強度，在沒有更強力的泛用貓時，可作為萬用解上場。,核心定位為【倉庫管理員】。 定位較為尷尬或屬於前期過渡角色，戰術價值有待開發。,強度偏高，有一定的戰力，培養完成可以適應大部分關卡。
292,マミ＆ネコ,泛用性表現中規中矩，面對非針對屬性時，傷害和坦度會有明顯不足。,核心定位為【倉庫管理員】。 定位較為尷尬或屬於前期過渡角色，戰術價值有待開發。,中等強度，可視關卡敵人屬性與陣容缺口，適當投入資源。
303,ネコアイスサキュバス,白質面板高，非針對屬性也有一定強度，在沒有更強力的泛用貓時，可作為萬用解上場。,核心定位為【倉庫管理員】。 定位較為尷尬或屬於前期過渡角色，戰術價值有待開發。,中等強度，可視關卡敵人屬性與陣容缺口，適當投入資源。
305,極撃滅戦車ギガパルド,泛用性表現中規中矩，面對非針對屬性時，傷害和坦度會有明顯不足。,核心定位為【屬性壓制型角色】。 主要針對 <不死生物、古代種> 發揮壓制效果。 · 生存特化：在對應屬性關卡中坦度與續戰力突出，可站場承受傷害。 擅長以 <詛咒> 控制 <不死生物、古代種> 。,強度偏高，有一定的戰力，培養完成可以適應大部分關卡。
306,極無敵艦隊シーガレオン,白質面板高，非針對屬性也有一定強度，在沒有更強力的泛用貓時，可作為萬用解上場。,核心定位為【屬性特化型角色】。 主要針對 <紅色敵人、不死生物> 發揮特化效果。 · 傷害特化：對指定屬性敵人具極高爆發輸出，屬該屬性的絕佳輸出手。,綜合評價極高，強烈建議優先培養並編入對應關卡主力。
307,極飛行戦艦ボルボンバー,白質面板高，非針對屬性也有一定強度，在沒有更強力的泛用貓時，可作為萬用解上場。,核心定位為【戰術控場型角色】 擅長以 <打飛敵人> 控制 <不死生物> 。,強度偏高，有一定的戰力，培養完成可以適應大部分關卡。
311,ネコナースサンタマリア,泛用性表現中規中矩，面對非針對屬性時，傷害和坦度會有明顯不足。,核心定位為【戰術控場型角色】 擅長以 <多種控場能力> 控制 <天使、異星敵人、惡魔> 。,中等強度，可視關卡敵人屬性與陣容缺口，適當投入資源。
317,Gポセイドラグーン,白質面板高，非針對屬性也有一定強度，在沒有更強力的泛用貓時，可作為萬用解上場。,核心定位為【倉庫管理員】。 定位較為尷尬或屬於前期過渡角色，戰術價值有待開發。,中等強度，可視關卡敵人屬性與陣容缺口，適當投入資源。
319,白無垢のミタマ,白質面板高，非針對屬性也有一定強度，在沒有更強力的泛用貓時，可作為萬用解上場。,核心定位為【全能型複合角色】 同時兼具面板、對屬特化與控場機制， 屬於抽到值得優先培養的核心。,強度偏高，有一定的戰力，培養完成可以適應大部分關卡。
323,超音楽奏サルカニフェス,泛用性表現中規中矩，面對非針對屬性時，傷害和坦度會有明顯不足。,核心定位為【戰術控場型角色】 擅長以 <攻擊力下降> 控制 <天使、不死生物> 。,中等強度，可視關卡敵人屬性與陣容缺口，適當投入資源。
327,奇跡の調和メビウス,白質面板高，非針對屬性也有一定強度，在沒有更強力的泛用貓時，可作為萬用解上場。,核心定位為【屬性特化型角色】。 主要針對 <紅色敵人> 發揮特化效果。 · 傷害特化：對指定屬性敵人具極高爆發輸出，屬該屬性的絕佳輸出手。,強度偏高，有一定的戰力，培養完成可以適應大部分關卡。
331,上杉謙信・春うらら,泛用性表現中規中矩，面對非針對屬性時，傷害和坦度會有明顯不足。,核心定位為【戰術控場型角色】 擅長以 <多種控場能力> 控制 <天使> 。,中等強度，可視關卡敵人屬性與陣容缺口，適當投入資源。
332,極悪道化マッドダック,白質面板高，非針對屬性也有一定強度，在沒有更強力的泛用貓時，可作為萬用解上場。,核心定位為【倉庫管理員】。 定位較為尷尬或屬於前期過渡角色，戰術價值有待開發。,強度偏高，有一定的戰力，培養完成可以適應大部分關卡。
334,皇獣ガオウダーク,泛用性表現中規中矩，面對非針對屬性時，傷害和坦度會有明顯不足。,核心定位為【屬性壓制型角色】。 主要針對 <無屬性> 發揮壓制效果。 · 傷害特化：對指定屬性敵人具極高爆發輸出，屬該屬性的絕佳輸出手。 擅長以 <多種控場能力> 控制 <無屬性> 。,強度偏高，有一定的戰力，培養完成可以適應大部分關卡。
336,竜宮の人魚姫ルリィ,白質面板高，非針對屬性也有一定強度，在沒有更強力的泛用貓時，可作為萬用解上場。,核心定位為【屬性特化型角色】。 主要針對 <紅色敵人、古代種> 發揮特化效果。 · 生存特化：在對應屬性關卡中坦度與續戰力突出，可站場承受傷害。,綜合評價極高，強烈建議優先培養並編入對應關卡主力。
337,黄金のミイラ姫レイカ,泛用性表現中規中矩，面對非針對屬性時，傷害和坦度會有明顯不足。,核心定位為【倉庫管理員】。 定位較為尷尬或屬於前期過渡角色，戰術價值有待開發。,中等強度，可視關卡敵人屬性與陣容缺口，適當投入資源。
338,プレミアムケリ姫号CC,白質面板高，非針對屬性也有一定強度，在沒有更強力的泛用貓時，可作為萬用解上場。,核心定位為【倉庫管理員】。 定位較為尷尬或屬於前期過渡角色，戰術價值有待開發。,強度偏高，有一定的戰力，培養完成可以適應大部分關卡。
339,燐火の武神・今川義元,白質面板偏低，不建議盲目帶入常駐推圖關卡。,核心定位為【屬性特化型角色】。 主要針對 <黑色敵人> 發揮特化效果。 · 輸出和生存兼顧：攻擊與耐久平衡，適合長線壓制與持續推進。,強度偏高，有一定的戰力，培養完成可以適應大部分關卡。
342,失われし世界のネコ耳ユキ,泛用性表現中規中矩，面對非針對屬性時，傷害和坦度會有明顯不足。,核心定位為【倉庫管理員】。 定位較為尷尬或屬於前期過渡角色，戰術價值有待開發。,強度偏低，若對部分關卡有特殊對策性，可延後投資。
346,午睡のミシェリアCC,泛用性表現中規中矩，面對非針對屬性時，傷害和坦度會有明顯不足。,核心定位為【屬性壓制型角色】。 主要針對 <漂浮敵人> 發揮壓制效果。 · 輸出和生存兼顧：攻擊與耐久平衡，適合長線壓制與持續推進。 擅長以 <使動作停止> 控制 <漂浮敵人> 。,強度偏高，有一定的戰力，培養完成可以適應大部分關卡。
347,とどめきCC,泛用性表現中規中矩，面對非針對屬性時，傷害和坦度會有明顯不足。,核心定位為【倉庫管理員】。 定位較為尷尬或屬於前期過渡角色，戰術價值有待開發。,中等強度，可視關卡敵人屬性與陣容缺口，適當投入資源。
351,ネコニセたま軍団,泛用性表現中規中矩，面對非針對屬性時，傷害和坦度會有明顯不足。,核心定位為【倉庫管理員】。 定位較為尷尬或屬於前期過渡角色，戰術價值有待開發。,中等強度，可視關卡敵人屬性與陣容缺口，適當投入資源。
352,双輝星のシシル＆コマリΦ,泛用性表現中規中矩，面對非針對屬性時，傷害和坦度會有明顯不足。,核心定位為【戰術控場型角色】 擅長以 <攻擊力下降> 控制 <黑色敵人、異星敵人> 。,中等強度，可視關卡敵人屬性與陣容缺口，適當投入資源。
355,常夏の果実カイμ,白質面板高，非針對屬性也有一定強度，在沒有更強力的泛用貓時，可作為萬用解上場。,核心定位為【倉庫管理員】。 定位較為尷尬或屬於前期過渡角色，戰術價值有待開發。,中等強度，可視關卡敵人屬性與陣容缺口，適當投入資源。
356,超時空基地アルマゲドン,白質面板偏低，不建議盲目帶入常駐推圖關卡。,核心定位為【倉庫管理員】。 定位較為尷尬或屬於前期過渡角色，戰術價值有待開發。,強度偏低，若對部分關卡有特殊對策性，可延後投資。
358,道化の狼姫ディル,白質面板偏低，不建議盲目帶入常駐推圖關卡。,核心定位為【戰術控場型角色】 擅長以 <打飛敵人> 控制 <天使、異星敵人> 。,中等強度，可視關卡敵人屬性與陣容缺口，適當投入資源。
359,満腹の花嫁ヴェルヴェーヌ,白質面板偏低，不建議盲目帶入常駐推圖關卡。,核心定位為【倉庫管理員】。 定位較為尷尬或屬於前期過渡角色，戰術價值有待開發。,強度偏低，若對部分關卡有特殊對策性，可延後投資。
360,火炎の大精霊メラフェニックス,白質面板高，非針對屬性也有一定強度，在沒有更強力的泛用貓時，可作為萬用解上場。,核心定位為【屬性特化型角色】。 主要針對 <異星敵人> 發揮特化效果。 · 傷害特化：對指定屬性敵人具極高爆發輸出，屬該屬性的絕佳輸出手。 · 生存特化：在對應屬性關卡中坦度與續戰力突出，可站場承受傷害。,綜合評價極高，強烈建議優先培養並編入對應關卡主力。
361,流水の大精霊ミズマリナーデ,泛用性表現中規中矩，面對非針對屬性時，傷害和坦度會有明顯不足。,核心定位為【屬性壓制型角色】。 主要針對 <異星敵人> 發揮壓制效果。 · 生存特化：在對應屬性關卡中坦度與續戰力突出，可站場承受傷害。 擅長以 <多種控場能力> 控制 <異星敵人> 。,綜合評價極高，強烈建議優先培養並編入對應關卡主力。
362,嵐の大精霊エアフワンティ,白質面板高，非針對屬性也有一定強度，在沒有更強力的泛用貓時，可作為萬用解上場。,核心定位為【全能型複合角色】 同時兼具面板、對屬特化與控場機制， 屬於抽到值得優先培養的核心。,綜合評價極高，強烈建議優先培養並編入對應關卡主力。
363,セイバーオルタCC,泛用性表現中規中矩，面對非針對屬性時，傷害和坦度會有明顯不足。,核心定位為【屬性特化型角色】。 主要針對 <漂浮敵人> 發揮特化效果。 · 傷害特化：對指定屬性敵人具極高爆發輸出，屬該屬性的絕佳輸出手。,強度偏高，有一定的戰力，培養完成可以適應大部分關卡。
364,遠坂 凛CC,泛用性表現中規中矩，面對非針對屬性時，傷害和坦度會有明顯不足。,核心定位為【戰術控場型角色】 擅長以 <打飛敵人> 控制 <異星敵人、不死生物> 。,強度偏高，有一定的戰力，培養完成可以適應大部分關卡。
366,アーチャーCC,白質面板偏低，不建議盲目帶入常駐推圖關卡。,核心定位為【倉庫管理員】。 定位較為尷尬或屬於前期過渡角色，戰術價值有待開發。,強度偏低，若對部分關卡有特殊對策性，可延後投資。
367,ランサーCC,泛用性表現中規中矩，面對非針對屬性時，傷害和坦度會有明顯不足。,核心定位為【倉庫管理員】。 定位較為尷尬或屬於前期過渡角色，戰術價值有待開發。,中等強度，可視關卡敵人屬性與陣容缺口，適當投入資源。
368,ライダーCC,白質面板高，非針對屬性也有一定強度，在沒有更強力的泛用貓時，可作為萬用解上場。,核心定位為【倉庫管理員】。 定位較為尷尬或屬於前期過渡角色，戰術價值有待開發。,中等強度，可視關卡敵人屬性與陣容缺口，適當投入資源。
369,ギルガメッシュCC,泛用性表現中規中矩，面對非針對屬性時，傷害和坦度會有明顯不足。,核心定位為【倉庫管理員】。 定位較為尷尬或屬於前期過渡角色，戰術價值有待開發。,中等強度，可視關卡敵人屬性與陣容缺口，適當投入資源。
379,黒蝶のミタマダーク,白質面板高，非針對屬性也有一定強度，在沒有更強力的泛用貓時，可作為萬用解上場。,核心定位為【全能型複合角色】 同時兼具面板、對屬特化與控場機制， 屬於抽到值得優先培養的核心。,強度偏高，有一定的戰力，培養完成可以適應大部分關卡。
381,英傑ダルターニャ,泛用性表現中規中矩，面對非針對屬性時，傷害和坦度會有明顯不足。,核心定位為【屬性特化型角色】。 主要針對 <多種屬性敵人> 發揮特化效果。 · 傷害特化：對指定屬性敵人具極高爆發輸出，屬該屬性的絕佳輸出手。,中等強度，可視關卡敵人屬性與陣容缺口，適當投入資源。
394,サンバ新島早紀CC,白質面板高，非針對屬性也有一定強度，在沒有更強力的泛用貓時，可作為萬用解上場。,核心定位為【倉庫管理員】。 定位較為尷尬或屬於前期過渡角色，戰術價值有待開發。,強度偏高，有一定的戰力，培養完成可以適應大部分關卡。
395,暗黒スバルCC,泛用性表現中規中矩，面對非針對屬性時，傷害和坦度會有明顯不足。,核心定位為【倉庫管理員】。 定位較為尷尬或屬於前期過渡角色，戰術價值有待開發。,強度偏低，若對部分關卡有特殊對策性，可延後投資。
396,野球マン5号CC,泛用性表現中規中矩，面對非針對屬性時，傷害和坦度會有明顯不足。,核心定位為【倉庫管理員】。 定位較為尷尬或屬於前期過渡角色，戰術價值有待開發。,中等強度，可視關卡敵人屬性與陣容缺口，適當投入資源。
397,古龍皇帝ガングリオン,泛用性表現中規中矩，面對非針對屬性時，傷害和坦度會有明顯不足。,核心定位為【倉庫管理員】。 定位較為尷尬或屬於前期過渡角色，戰術價值有待開發。,中等強度，可視關卡敵人屬性與陣容缺口，適當投入資源。
398,天誅Z・風隼さくら,泛用性表現中規中矩，面對非針對屬性時，傷害和坦度會有明顯不足。,核心定位為【屬性壓制型角色】。 主要針對 <鋼鐵敵人> 發揮壓制效果。 · 生存特化：在對應屬性關卡中坦度與續戰力突出，可站場承受傷害。 擅長以 <多種控場能力> 控制 <鋼鐵敵人> 。,強度偏高，有一定的戰力，培養完成可以適應大部分關卡。
402,天雷の精霊王ギガボルト,白質面板高，非針對屬性也有一定強度，在沒有更強力的泛用貓時，可作為萬用解上場。,核心定位為【全能型複合角色】 同時兼具面板、對屬特化與控場機制， 屬於抽到值得優先培養的核心。,綜合評價極高，強烈建議優先培養並編入對應關卡主力。
413,エヴァ零号機＆ネコ,泛用性表現中規中矩，面對非針對屬性時，傷害和坦度會有明顯不足。,核心定位為【屬性特化型角色】。 主要針對 <漂浮敵人、天使> 發揮特化效果。 · 生存特化：在對應屬性關卡中坦度與續戰力突出，可站場承受傷害。,中等強度，可視關卡敵人屬性與陣容缺口，適當投入資源。
414,決意のエヴァ初号機＆ネコ,白質面板高，非針對屬性也有一定強度，在沒有更強力的泛用貓時，可作為萬用解上場。,核心定位為【屬性特化型角色】。 主要針對 <異星敵人、不死生物> 發揮特化效果。 · 輸出和生存兼顧：攻擊與耐久平衡，適合長線壓制與持續推進。,強度偏高，有一定的戰力，培養完成可以適應大部分關卡。
415,エヴァ改2号機コード777,泛用性表現中規中矩，面對非針對屬性時，傷害和坦度會有明顯不足。,核心定位為【屬性特化型角色】。 主要針對 <紅色敵人> 發揮特化效果。 · 傷害特化：對指定屬性敵人具極高爆發輸出，屬該屬性的絕佳輸出手。,強度偏高，有一定的戰力，培養完成可以適應大部分關卡。
416,ネコトウジ＆ネコケンスケ,泛用性表現中規中矩，面對非針對屬性時，傷害和坦度會有明顯不足。,核心定位為【戰術控場型角色】 擅長以 <打飛敵人> 控制 <黑色敵人、鋼鐵敵人> 。,強度偏高，有一定的戰力，培養完成可以適應大部分關卡。
417,ファーストムーンネルフ,泛用性表現中規中矩，面對非針對屬性時，傷害和坦度會有明顯不足。,核心定位為【倉庫管理員】。 定位較為尷尬或屬於前期過渡角色，戰術價值有待開發。,強度偏低，若對部分關卡有特殊對策性，可延後投資。
418,超地底戦隊グランドン,泛用性表現中規中矩，面對非針對屬性時，傷害和坦度會有明顯不足。,核心定位為【屬性壓制型角色】。 主要針對 <不死生物> 發揮壓制效果。 · 輸出和生存兼顧：攻擊與耐久平衡，適合長線壓制與持續推進。 擅長以 <使動作停止> 控制 <不死生物> 。,綜合評價極高，強烈建議優先培養並編入對應關卡主力。
428,ネコクエストヘブン,白質面板偏低，不建議盲目帶入常駐推圖關卡。,核心定位為【倉庫管理員】。 定位較為尷尬或屬於前期過渡角色，戰術價值有待開發。,中等強度，可視關卡敵人屬性與陣容缺口，適當投入資源。
431,ぐでネコマシン・卵,白質面板高，非針對屬性也有一定強度，在沒有更強力的泛用貓時，可作為萬用解上場。,核心定位為【全能型複合角色】 同時兼具面板、對屬特化與控場機制， 屬於抽到值得優先培養的核心。,強度偏高，有一定的戰力，培養完成可以適應大部分關卡。
432,聖魔探偵ゼログラヴィティー,白質面板高，非針對屬性也有一定強度，在沒有更強力的泛用貓時，可作為萬用解上場。,核心定位為【全能型複合角色】 同時兼具面板、對屬特化與控場機制， 屬於抽到值得優先培養的核心。,綜合評價極高，強烈建議優先培養並編入對應關卡主力。
436,ちびネコヴァルキリー・華,泛用性表現中規中矩，面對非針對屬性時，傷害和坦度會有明顯不足。,核心定位為【戰術控場型角色】 擅長以 <打飛敵人> 控制 <不死生物> 。,強度偏高，有一定的戰力，培養完成可以適應大部分關卡。
437,ノビランターバン,白質面板偏低，不建議盲目帶入常駐推圖關卡。,核心定位為【倉庫管理員】。 定位較為尷尬或屬於前期過渡角色，戰術價值有待開發。,強度偏低，若對部分關卡有特殊對策性，可延後投資。
439,灼熱のビーチクウγ,泛用性表現中規中矩，面對非針對屬性時，傷害和坦度會有明顯不足。,核心定位為【屬性特化型角色】。 主要針對 <漂浮敵人、不死生物> 發揮特化效果。 · 輸出和生存兼顧：攻擊與耐久平衡，適合長線壓制與持續推進。,強度偏高，有一定的戰力，培養完成可以適應大部分關卡。
440,Gクロノストリガー,泛用性表現中規中矩，面對非針對屬性時，傷害和坦度會有明顯不足。,核心定位為【戰術控場型角色】 · 針對多種屬性敵人發揮控場，泛用戰術價值較高。 主要使用 <使動作停止> 發揮壓制能力。,強度偏高，有一定的戰力，培養完成可以適應大部分關卡。
441,円環の理の使者なぎさ,泛用性表現中規中矩，面對非針對屬性時，傷害和坦度會有明顯不足。,核心定位為【倉庫管理員】。 定位較為尷尬或屬於前期過渡角色，戰術價值有待開發。,中等強度，可視關卡敵人屬性與陣容缺口，適當投入資源。
442,黒傑ダークダルターニャ,白質面板高，非針對屬性也有一定強度，在沒有更強力的泛用貓時，可作為萬用解上場。,核心定位為【屬性特化型角色】。 主要針對 <無屬性> 發揮特化效果。 · 傷害特化：對指定屬性敵人具極高爆發輸出，屬該屬性的絕佳輸出手。,強度偏高，有一定的戰力，培養完成可以適應大部分關卡。
457,黒桜CC,泛用性表現中規中矩，面對非針對屬性時，傷害和坦度會有明顯不足。,核心定位為【倉庫管理員】。 定位較為尷尬或屬於前期過渡角色，戰術價值有待開發。,中等強度，可視關卡敵人屬性與陣容缺口，適當投入資源。
468,スーパーSゼウス,白質面板高，非針對屬性也有一定強度，在沒有更強力的泛用貓時，可作為萬用解上場。,核心定位為【全能型複合角色】 同時兼具面板、對屬特化與控場機制， 屬於抽到值得優先培養的核心。,強度偏高，有一定的戰力，培養完成可以適應大部分關卡。
469,ヘッドロココ,白質面板高，非針對屬性也有一定強度，在沒有更強力的泛用貓時，可作為萬用解上場。,核心定位為【全能型複合角色】 同時兼具面板、對屬特化與控場機制， 屬於抽到值得優先培養的核心。,強度偏高，有一定的戰力，培養完成可以適應大部分關卡。
472,ブラックライスト,白質面板高，非針對屬性也有一定強度，在沒有更強力的泛用貓時，可作為萬用解上場。,核心定位為【全能型複合角色】 同時兼具面板、對屬特化與控場機制， 屬於抽到值得優先培養的核心。,綜合評價極高，強烈建議優先培養並編入對應關卡主力。
483,幸せを願ったネコ耳ソウマ,泛用性表現中規中矩，面對非針對屬性時，傷害和坦度會有明顯不足。,核心定位為【戰術控場型角色】 擅長以 <使動作變慢> 控制 <漂浮敵人、天使、異星敵人> 。,綜合評價極高，強烈建議優先培養並編入對應關卡主力。
485,黒ちびネコヴァルキリー・紅,泛用性表現中規中矩，面對非針對屬性時，傷害和坦度會有明顯不足。,核心定位為【倉庫管理員】。 定位較為尷尬或屬於前期過渡角色，戰術價值有待開發。,中等強度，可視關卡敵人屬性與陣容缺口，適當投入資源。
486,カレットCC,泛用性表現中規中矩，面對非針對屬性時，傷害和坦度會有明顯不足。,核心定位為【倉庫管理員】。 定位較為尷尬或屬於前期過渡角色，戰術價值有待開發。,中等強度，可視關卡敵人屬性與陣容缺口，適當投入資源。
487,剣士ひな,白質面板高，非針對屬性也有一定強度，在沒有更強力的泛用貓時，可作為萬用解上場。,核心定位為【倉庫管理員】。 定位較為尷尬或屬於前期過渡角色，戰術價值有待開發。,強度偏高，有一定的戰力，培養完成可以適應大部分關卡。
488,エヴァ8号機＆ネコ,白質面板偏低，不建議盲目帶入常駐推圖關卡。,核心定位為【倉庫管理員】。 定位較為尷尬或屬於前期過渡角色，戰術價值有待開發。,中等強度，可視關卡敵人屬性與陣容缺口，適當投入資源。
489,神殺しの船NNNネコヴンダー,泛用性表現中規中矩，面對非針對屬性時，傷害和坦度會有明顯不足。,核心定位為【倉庫管理員】。 定位較為尷尬或屬於前期過渡角色，戰術價值有待開發。,中等強度，可視關卡敵人屬性與陣容缺口，適當投入資源。
495,潮風のセーラーカッパーκ,白質面板高，非針對屬性也有一定強度，在沒有更強力的泛用貓時，可作為萬用解上場。,核心定位為【倉庫管理員】。 定位較為尷尬或屬於前期過渡角色，戰術價值有待開發。,中等強度，可視關卡敵人屬性與陣容缺口，適當投入資源。
497,豪炎姫の武神・成田甲斐,白質面板偏低，不建議盲目帶入常駐推圖關卡。,核心定位為【倉庫管理員】。 定位較為尷尬或屬於前期過渡角色，戰術價值有待開發。,強度偏低，若對部分關卡有特殊對策性，可延後投資。
503,絢爛令嬢メルシュξ,白質面板偏低，不建議盲目帶入常駐推圖關卡。,核心定位為【倉庫管理員】。 定位較為尷尬或屬於前期過渡角色，戰術價值有待開發。,強度偏低，若對部分關卡有特殊對策性，可延後投資。
506,角龍皇帝グラディオス,白質面板偏低，不建議盲目帶入常駐推圖關卡。,核心定位為【戰術控場型角色】 擅長以 <多種控場能力> 控制 <無屬性> 。,中等強度，可視關卡敵人屬性與陣容缺口，適當投入資源。
507,無名のアイウォルツCC,白質面板高，非針對屬性也有一定強度，在沒有更強力的泛用貓時，可作為萬用解上場。,核心定位為【倉庫管理員】。 定位較為尷尬或屬於前期過渡角色，戰術價值有待開發。,強度偏高，有一定的戰力，培養完成可以適應大部分關卡。
513,春麗CC,白質面板高，非針對屬性也有一定強度，在沒有更強力的泛用貓時，可作為萬用解上場。,核心定位為【倉庫管理員】。 定位較為尷尬或屬於前期過渡角色，戰術價值有待開發。,強度偏高，有一定的戰力，培養完成可以適應大部分關卡。
516,ブランカCC,泛用性表現中規中矩，面對非針對屬性時，傷害和坦度會有明顯不足。,核心定位為【屬性特化型角色】。 主要針對 <異星敵人> 發揮特化效果。 · 傷害特化：對指定屬性敵人具極高爆發輸出，屬該屬性的絕佳輸出手。,綜合評價極高，強烈建議優先培養並編入對應關卡主力。
518,紅蓮の格闘王ケン,白質面板優秀，具備極高的常駐泛用性，即使面對非特化關卡也能作為主力出擊。,核心定位為【倉庫管理員】。 定位較為尷尬或屬於前期過渡角色，戰術價值有待開發。,中等強度，可視關卡敵人屬性與陣容缺口，適當投入資源。
520,シン・ラスヴォース,白質面板優秀，具備極高的常駐泛用性，即使面對非特化關卡也能作為主力出擊。,核心定位為【倉庫管理員】。 定位較為尷尬或屬於前期過渡角色，戰術價值有待開發。,強度偏高，有一定的戰力，培養完成可以適應大部分關卡。
526,超銃戦隊キンレンジャー,白質面板偏低，不建議盲目帶入常駐推圖關卡。,核心定位為【倉庫管理員】。 定位較為尷尬或屬於前期過渡角色，戰術價值有待開發。,中等強度，可視關卡敵人屬性與陣容缺口，適當投入資源。
527,冬天使のシシル＆コマリΦ,泛用性表現中規中矩，面對非針對屬性時，傷害和坦度會有明顯不足。,核心定位為【倉庫管理員】。 定位較為尷尬或屬於前期過渡角色，戰術價值有待開發。,中等強度，可視關卡敵人屬性與陣容缺口，適當投入資源。
530,祝祭の聖女キャスリィ,白質面板高，非針對屬性也有一定強度，在沒有更強力的泛用貓時，可作為萬用解上場。,核心定位為【戰術控場型角色】 · 針對多種屬性敵人發揮控場，泛用戰術價值較高。 主要使用 <多種控場能力> 發揮壓制能力。,綜合評價極高，強烈建議優先培養並編入對應關卡主力。
531,エルメCC,泛用性表現中規中矩，面對非針對屬性時，傷害和坦度會有明顯不足。,核心定位為【屬性特化型角色】。 主要針對 <不死生物> 發揮特化效果。 · 輸出和生存兼顧：攻擊與耐久平衡，適合長線壓制與持續推進。,強度偏高，有一定的戰力，培養完成可以適應大部分關卡。
534,バッドブラスター・サキ,白質面板高，非針對屬性也有一定強度，在沒有更強力的泛用貓時，可作為萬用解上場。,核心定位為【戰術控場型角色】 擅長以 <詛咒> 控制 <無特定屬性> 。,強度偏高，有一定的戰力，培養完成可以適應大部分關卡。
535,Gデスハーデス,白質面板高，非針對屬性也有一定強度，在沒有更強力的泛用貓時，可作為萬用解上場。,核心定位為【倉庫管理員】。 定位較為尷尬或屬於前期過渡角色，戰術價值有待開發。,中等強度，可視關卡敵人屬性與陣容缺口，適當投入資源。
536,初音ミクCC,白質面板高，非針對屬性也有一定強度，在沒有更強力的泛用貓時，可作為萬用解上場。,核心定位為【倉庫管理員】。 定位較為尷尬或屬於前期過渡角色，戰術價值有待開發。,中等強度，可視關卡敵人屬性與陣容缺口，適當投入資源。
537,桜ミクCC,白質面板偏低，不建議盲目帶入常駐推圖關卡。,核心定位為【戰術控場型角色】 擅長以 <使動作停止> 控制 <異星敵人> 。,中等強度，可視關卡敵人屬性與陣容缺口，適當投入資源。
538,鏡音リン＆レンCC,泛用性表現中規中矩，面對非針對屬性時，傷害和坦度會有明顯不足。,核心定位為【倉庫管理員】。 定位較為尷尬或屬於前期過渡角色，戰術價值有待開發。,中等強度，可視關卡敵人屬性與陣容缺口，適當投入資源。
544,漆黒の魔女ダークキャスリィ,白質面板優秀，具備極高的常駐泛用性，即使面對非特化關卡也能作為主力出擊。,核心定位為【戰術控場型角色】 · 針對多種屬性敵人發揮控場，泛用戰術價值較高。 主要使用 <多種控場能力> 發揮壓制能力。,綜合評價極高，強烈建議優先培養並編入對應關卡主力。
547,スケランカクラン,白質面板偏低，不建議盲目帶入常駐推圖關卡。,核心定位為【倉庫管理員】。 定位較為尷尬或屬於前期過渡角色，戰術價值有待開發。,綜合評價極低，幾乎沒有對策性，不推薦抽取及培養。
548,白天姫のレイ,白質面板高，非針對屬性也有一定強度，在沒有更強力的泛用貓時，可作為萬用解上場。,核心定位為【屬性特化型角色】。 主要針對 <多種屬性敵人> 發揮特化效果。 · 生存特化：在對應屬性關卡中坦度與續戰力突出，可站場承受傷害。,中等強度，可視關卡敵人屬性與陣容缺口，適當投入資源。
549,第4のネコ使徒,泛用性表現中規中矩，面對非針對屬性時，傷害和坦度會有明顯不足。,核心定位為【屬性壓制型角色】。 主要針對 <黑色敵人> 發揮壓制效果。 · 傷害特化：對指定屬性敵人具極高爆發輸出，屬該屬性的絕佳輸出手。 擅長以 <打飛敵人> 控制 <黑色敵人> 。,強度偏高，有一定的戰力，培養完成可以適應大部分關卡。
550,第6のネコ使徒,白質面板偏低，不建議盲目帶入常駐推圖關卡。,核心定位為【屬性壓制型角色】。 主要針對 <漂浮敵人> 發揮壓制效果。 · 傷害特化：對指定屬性敵人具極高爆發輸出，屬該屬性的絕佳輸出手。 擅長以 <使動作變慢> 控制 <漂浮敵人> 。,強度偏高，有一定的戰力，培養完成可以適應大部分關卡。
551,第10のネコ使徒,白質面板偏低，不建議盲目帶入常駐推圖關卡。,核心定位為【倉庫管理員】。 定位較為尷尬或屬於前期過渡角色，戰術價值有待開發。,強度偏低，若對部分關卡有特殊對策性，可延後投資。
552,第9のネコ使徒,白質面板偏低，不建議盲目帶入常駐推圖關卡。,核心定位為【屬性特化型角色】。 主要針對 <異星敵人> 發揮特化效果。 · 傷害特化：對指定屬性敵人具極高爆發輸出，屬該屬性的絕佳輸出手。,強度偏高，有一定的戰力，培養完成可以適應大部分關卡。
560,閻魔総長エマ,白質面板高，非針對屬性也有一定強度，在沒有更強力的泛用貓時，可作為萬用解上場。,核心定位為【倉庫管理員】。 定位較為尷尬或屬於前期過渡角色，戰術價值有待開發。,強度偏高，有一定的戰力，培養完成可以適應大部分關卡。
561,巡音ルカCC,泛用性表現中規中矩，面對非針對屬性時，傷害和坦度會有明顯不足。,核心定位為【屬性特化型角色】。 主要針對 <黑色敵人、漂浮敵人> 發揮特化效果。 · 傷害特化：對指定屬性敵人具極高爆發輸出，屬該屬性的絕佳輸出手。,中等強度，可視關卡敵人屬性與陣容缺口，適當投入資源。
564,アクアブラスター・サキ,白質面板高，非針對屬性也有一定強度，在沒有更強力的泛用貓時，可作為萬用解上場。,核心定位為【倉庫管理員】。 定位較為尷尬或屬於前期過渡角色，戰術價值有待開發。,中等強度，可視關卡敵人屬性與陣容缺口，適當投入資源。
565,ファビュラスパサラン,白質面板偏低，不建議盲目帶入常駐推圖關卡。,核心定位為【倉庫管理員】。 定位較為尷尬或屬於前期過渡角色，戰術價值有待開發。,強度偏低，若對部分關卡有特殊對策性，可延後投資。
570,岩石の精霊王ダイゴロー,白質面板高，非針對屬性也有一定強度，在沒有更強力的泛用貓時，可作為萬用解上場。,核心定位為【屬性特化型角色】。 主要針對 <異星敵人> 發揮特化效果。 · 生存特化：在對應屬性關卡中坦度與續戰力突出，可站場承受傷害。,綜合評價極高，強烈建議優先培養並編入對應關卡主力。
571,ハロウィンナイトバルス,白質面板高，非針對屬性也有一定強度，在沒有更強力的泛用貓時，可作為萬用解上場。,核心定位為【倉庫管理員】。 定位較為尷尬或屬於前期過渡角色，戰術價值有待開發。,強度偏高，有一定的戰力，培養完成可以適應大部分關卡。
573,バイソンCC,白質面板優秀，具備極高的常駐泛用性，即使面對非特化關卡也能作為主力出擊。,核心定位為【倉庫管理員】。 定位較為尷尬或屬於前期過渡角色，戰術價值有待開發。,綜合評價極高，強烈建議優先培養並編入對應關卡主力。
574,バルログCC,泛用性表現中規中矩，面對非針對屬性時，傷害和坦度會有明顯不足。,核心定位為【戰術控場型角色】 擅長以 <使動作停止> 控制 <鋼鐵敵人> 。,中等強度，可視關卡敵人屬性與陣容缺口，適當投入資源。
575,サガットCC,泛用性表現中規中矩，面對非針對屬性時，傷害和坦度會有明顯不足。,核心定位為【屬性特化型角色】。 主要針對 <漂浮敵人> 發揮特化效果。 · 傷害特化：對指定屬性敵人具極高爆發輸出，屬該屬性的絕佳輸出手。,強度偏高，有一定的戰力，培養完成可以適應大部分關卡。
576,ベガCC,泛用性表現中規中矩，面對非針對屬性時，傷害和坦度會有明顯不足。,核心定位為【屬性特化型角色】。 主要針對 <漂浮敵人、異星敵人、不死生物> 發揮特化效果。 · 輸出和生存兼顧：攻擊與耐久平衡，適合長線壓制與持續推進。,中等強度，可視關卡敵人屬性與陣容缺口，適當投入資源。
583,初音ミクCC マジカルミライ2020大阪,白質面板高，非針對屬性也有一定強度，在沒有更強力的泛用貓時，可作為萬用解上場。,核心定位為【倉庫管理員】。 定位較為尷尬或屬於前期過渡角色，戰術價值有待開發。,中等強度，可視關卡敵人屬性與陣容缺口，適當投入資源。
584,初音ミクCC マジカルミライ2020東京,白質面板偏低，不建議盲目帶入常駐推圖關卡。,核心定位為【倉庫管理員】。 定位較為尷尬或屬於前期過渡角色，戰術價值有待開發。,強度偏低，若對部分關卡有特殊對策性，可延後投資。
585,前田クリス慶次DX,白質面板高，非針對屬性也有一定強度，在沒有更強力的泛用貓時，可作為萬用解上場。,核心定位為【屬性特化型角色】。 主要針對 <紅色敵人、惡魔> 發揮特化效果。 · 生存特化：在對應屬性關卡中坦度與續戰力突出，可站場承受傷害。,綜合評價極高，強烈建議優先培養並編入對應關卡主力。
586,帝獣ガルディアン,白質面板偏低，不建議盲目帶入常駐推圖關卡。,核心定位為【屬性特化型角色】。 主要針對 <多種屬性敵人> 發揮特化效果。 · 生存特化：在對應屬性關卡中坦度與續戰力突出，可站場承受傷害。,中等強度，可視關卡敵人屬性與陣容缺口，適當投入資源。
588,メガショコラディーテ,白質面板偏低，不建議盲目帶入常駐推圖關卡。,核心定位為【屬性特化型角色】。 主要針對 <紅色敵人、黑色敵人> 發揮特化效果。 · 傷害特化：對指定屬性敵人具極高爆發輸出，屬該屬性的絕佳輸出手。,中等強度，可視關卡敵人屬性與陣容缺口，適當投入資源。
589,初恋令嬢メルシュξ,白質面板偏低，不建議盲目帶入常駐推圖關卡。,核心定位為【倉庫管理員】。 定位較為尷尬或屬於前期過渡角色，戰術價值有待開發。,強度偏低，若對部分關卡有特殊對策性，可延後投資。
591,雪ミクCC 2021,泛用性表現中規中矩，面對非針對屬性時，傷害和坦度會有明顯不足。,核心定位為【屬性壓制型角色】。 主要針對 <無屬性> 發揮壓制效果。 · 輸出和生存兼顧：攻擊與耐久平衡，適合長線壓制與持續推進。 擅長以 <使動作停止> 控制 <無屬性> 。,強度偏高，有一定的戰力，培養完成可以適應大部分關卡。
595,超輸送兵団アトランチス,白質面板高，非針對屬性也有一定強度，在沒有更強力的泛用貓時，可作為萬用解上場。,核心定位為【屬性特化型角色】。 主要針對 <不死生物> 發揮特化效果。 · 傷害特化：對指定屬性敵人具極高爆發輸出，屬該屬性的絕佳輸出手。,綜合評價極高，強烈建議優先培養並編入對應關卡主力。
596,神春龍王かむくら,白質面板偏低，不建議盲目帶入常駐推圖關卡。,核心定位為【倉庫管理員】。 定位較為尷尬或屬於前期過渡角色，戰術價值有待開發。,強度偏低，若對部分關卡有特殊對策性，可延後投資。
598,天道あかね(道着),泛用性表現中規中矩，面對非針對屬性時，傷害和坦度會有明顯不足。,核心定位為【倉庫管理員】。 定位較為尷尬或屬於前期過渡角色，戰術價值有待開發。,中等強度，可視關卡敵人屬性與陣容缺口，適當投入資源。
599,響良牙,白質面板偏低，不建議盲目帶入常駐推圖關卡。,核心定位為【倉庫管理員】。 定位較為尷尬或屬於前期過渡角色，戰術價值有待開發。,中等強度，可視關卡敵人屬性與陣容缺口，適當投入資源。
600,シャンプー,白質面板高，非針對屬性也有一定強度，在沒有更強力的泛用貓時，可作為萬用解上場。,核心定位為【倉庫管理員】。 定位較為尷尬或屬於前期過渡角色，戰術價值有待開發。,強度偏高，有一定的戰力，培養完成可以適應大部分關卡。
608,伝説の冒険少女カンナ,白質面板高，非針對屬性也有一定強度，在沒有更強力的泛用貓時，可作為萬用解上場。,核心定位為【屬性特化型角色】。 主要針對 <黑色敵人> 發揮特化效果。 · 傷害特化：對指定屬性敵人具極高爆發輸出，屬該屬性的絕佳輸出手。,強度偏高，有一定的戰力，培養完成可以適應大部分關卡。
610,帝獣ダークガルディアン,白質面板偏低，不建議盲目帶入常駐推圖關卡。,核心定位為【屬性特化型角色】。 主要針對 <無屬性> 發揮特化效果。 · 生存特化：在對應屬性關卡中坦度與續戰力突出，可站場承受傷害。,中等強度，可視關卡敵人屬性與陣容缺口，適當投入資源。
613,ネコ女王,白質面板偏低，不建議盲目帶入常駐推圖關卡。,核心定位為【戰術控場型角色】 擅長以 <詛咒> 控制 <無特定屬性> 。,中等強度，可視關卡敵人屬性與陣容缺口，適當投入資源。
615,南国衛星スーパーシャイン,白質面板偏低，不建議盲目帶入常駐推圖關卡。,核心定位為【戰術控場型角色】 擅長以 <使動作變慢> 控制 <黑色敵人、異星敵人、惡魔> 。,中等強度，可視關卡敵人屬性與陣容缺口，適當投入資源。
618,デビルハンターサトル,白質面板高，非針對屬性也有一定強度，在沒有更強力的泛用貓時，可作為萬用解上場。,核心定位為【戰術控場型角色】 擅長以 <多種控場能力> 控制 <惡魔> 。,綜合評價極高，強烈建議優先培養並編入對應關卡主力。
619,怨嗟の魔神・天草四郎,白質面板偏低，不建議盲目帶入常駐推圖關卡。,核心定位為【屬性特化型角色】。 主要針對 <黑色敵人、惡魔> 發揮特化效果。 · 傷害特化：對指定屬性敵人具極高爆發輸出，屬該屬性的絕佳輸出手。,中等強度，可視關卡敵人屬性與陣容缺口，適當投入資源。
620,大賢女リリンπ,泛用性表現中規中矩，面對非針對屬性時，傷害和坦度會有明顯不足。,核心定位為【屬性特化型角色】。 主要針對 <天使、惡魔> 發揮特化效果。 · 輸出和生存兼顧：攻擊與耐久平衡，適合長線壓制與持續推進。,中等強度，可視關卡敵人屬性與陣容缺口，適當投入資源。
621,邪龍皇帝ヘヴィジャーク,白質面板偏低，不建議盲目帶入常駐推圖關卡。,核心定位為【屬性特化型角色】。 主要針對 <紅色敵人、惡魔> 發揮特化效果。 · 生存特化：在對應屬性關卡中坦度與續戰力突出，可站場承受傷害。,中等強度，可視關卡敵人屬性與陣容缺口，適當投入資源。
625,ドッジボール部くにおくん,白質面板高，非針對屬性也有一定強度，在沒有更強力的泛用貓時，可作為萬用解上場。,核心定位為【倉庫管理員】。 定位較為尷尬或屬於前期過渡角色，戰術價值有待開發。,強度偏高，有一定的戰力，培養完成可以適應大部分關卡。
626,ゲキオコパサラン,白質面板偏低，不建議盲目帶入常駐推圖關卡。,核心定位為【倉庫管理員】。 定位較為尷尬或屬於前期過渡角色，戰術價值有待開發。,強度偏低，若對部分關卡有特殊對策性，可延後投資。
632,暗黒の精霊王ヤミノワールド,白質面板偏低，不建議盲目帶入常駐推圖關卡。,核心定位為【倉庫管理員】。 定位較為尷尬或屬於前期過渡角色，戰術價值有待開發。,中等強度，可視關卡敵人屬性與陣容缺口，適當投入資源。
633,超電磁戦機ディア・ボロス,泛用性表現中規中矩，面對非針對屬性時，傷害和坦度會有明顯不足。,核心定位為【屬性特化型角色】。 主要針對 <天使、不死生物、惡魔> 發揮特化效果。 · 傷害特化：對指定屬性敵人具極高爆發輸出，屬該屬性的絕佳輸出手。,強度偏高，有一定的戰力，培養完成可以適應大部分關卡。
634,大妖怪結社チュンチュン,白質面板高，非針對屬性也有一定強度，在沒有更強力的泛用貓時，可作為萬用解上場。,核心定位為【倉庫管理員】。 定位較為尷尬或屬於前期過渡角色，戰術價值有待開發。,中等強度，可視關卡敵人屬性與陣容缺口，適當投入資源。
635,神魔騎士キュクロプス,白質面板偏低，不建議盲目帶入常駐推圖關卡。,核心定位為【屬性特化型角色】。 主要針對 <惡魔> 發揮特化效果。 · 傷害特化：對指定屬性敵人具極高爆發輸出，屬該屬性的絕佳輸出手。,強度偏高，有一定的戰力，培養完成可以適應大部分關卡。
642,魅惑の舞姫イズ,泛用性表現中規中矩，面對非針對屬性時，傷害和坦度會有明顯不足。,核心定位為【屬性壓制型角色】。 主要針對 <多種屬性敵人> 發揮壓制效果。 · 傷害特化：對指定屬性敵人具極高爆發輸出，屬該屬性的絕佳輸出手。 · 針對多種屬性敵人發揮控場，泛用戰術價值較高。,中等強度，可視關卡敵人屬性與陣容缺口，適當投入資源。
643,Gグランドルシファー,泛用性表現中規中矩，面對非針對屬性時，傷害和坦度會有明顯不足。,核心定位為【屬性特化型角色】。 主要針對 <漂浮敵人、惡魔> 發揮特化效果。 · 輸出和生存兼顧：攻擊與耐久平衡，適合長線壓制與持續推進。,中等強度，可視關卡敵人屬性與陣容缺口，適當投入資源。
645,LOVEミントメカ子,泛用性表現中規中矩，面對非針對屬性時，傷害和坦度會有明顯不足。,核心定位為【戰術控場型角色】 擅長以 <多種控場能力> 控制 <古代種> 。,強度偏高，有一定的戰力，培養完成可以適應大部分關卡。
648,大狩猟娘テルンζ,白質面板高，非針對屬性也有一定強度，在沒有更強力的泛用貓時，可作為萬用解上場。,核心定位為【全能型複合角色】 同時兼具面板、對屬特化與控場機制， 屬於抽到值得優先培養的核心。,強度偏高，有一定的戰力，培養完成可以適應大部分關卡。
649,恋愛番長・鬼神にゃんま,白質面板高，非針對屬性也有一定強度，在沒有更強力的泛用貓時，可作為萬用解上場。,核心定位為【戰術控場型角色】 · 同時具備多種控場手段，戰場覆蓋與壓制能力佳。 · 針對多種屬性敵人發揮控場，泛用戰術價值較高。 · 同時具備多種控場手段，戰場覆蓋與壓制能力佳。 主要針對 <多種屬性敵人> 發揮壓制能力。 · 針對多種屬性敵人發揮控場，泛用戰術價值較高。 主要使用 <多種控場能力> 發揮壓制能力。,強度偏高，有一定的戰力，培養完成可以適應大部分關卡。
650,絶影の忍神・服部半蔵,白質面板高，非針對屬性也有一定強度，在沒有更強力的泛用貓時，可作為萬用解上場。,核心定位為【屬性特化型角色】。 主要針對 <黑色敵人、漂浮敵人> 發揮特化效果。 · 傷害特化：對指定屬性敵人具極高爆發輸出，屬該屬性的絕佳輸出手。,中等強度，可視關卡敵人屬性與陣容缺口，適當投入資源。
656,氷結の精霊王ブリザレーナ,白質面板偏低，不建議盲目帶入常駐推圖關卡。,核心定位為【倉庫管理員】。 定位較為尷尬或屬於前期過渡角色，戰術價值有待開發。,強度偏低，若對部分關卡有特殊對策性，可延後投資。
658,哀悼の舞姫ダークイズ,泛用性表現中規中矩，面對非針對屬性時，傷害和坦度會有明顯不足。,核心定位為【屬性壓制型角色】。 主要針對 <無屬性、不死生物、惡魔> 發揮壓制效果。 · 傷害特化：對指定屬性敵人具極高爆發輸出，屬該屬性的絕佳輸出手。 擅長以 <打飛敵人> 控制 <無屬性、不死生物、惡魔> 。,綜合評價極高，強烈建議優先培養並編入對應關卡主力。
661,海龍皇帝ダライアサン,白質面板偏低，不建議盲目帶入常駐推圖關卡。,核心定位為【戰術控場型角色】 擅長以 <使動作變慢> 控制 <漂浮敵人、天使> 。,中等強度，可視關卡敵人屬性與陣容缺口，適當投入資源。
662,ウェディングクロノス,泛用性表現中規中矩，面對非針對屬性時，傷害和坦度會有明顯不足。,核心定位為【戰術控場型角色】 · 針對多種屬性敵人發揮控場，泛用戰術價值較高。 主要使用 <多種控場能力> 發揮壓制能力。,中等強度，可視關卡敵人屬性與陣容缺口，適當投入資源。
667,ナイトビーチリリンπ,泛用性表現中規中矩，面對非針對屬性時，傷害和坦度會有明顯不足。,核心定位為【倉庫管理員】。 定位較為尷尬或屬於前期過渡角色，戰術價值有待開發。,中等強度，可視關卡敵人屬性與陣容缺口，適當投入資源。
669,大神仙ネコ天狗,泛用性表現中規中矩，面對非針對屬性時，傷害和坦度會有明顯不足。,核心定位為【倉庫管理員】。 定位較為尷尬或屬於前期過渡角色，戰術價值有待開發。,強度偏低，若對部分關卡有特殊對策性，可延後投資。
672,早乙女らんま(チアガール),泛用性表現中規中矩，面對非針對屬性時，傷害和坦度會有明顯不足。,核心定位為【倉庫管理員】。 定位較為尷尬或屬於前期過渡角色，戰術價值有待開發。,強度偏低，若對部分關卡有特殊對策性，可延後投資。
675,超奇襲怪光エンヴァンズ,白質面板偏低，不建議盲目帶入常駐推圖關卡。,核心定位為【倉庫管理員】。 定位較為尷尬或屬於前期過渡角色，戰術價值有待開發。,強度偏低，若對部分關卡有特殊對策性，可延後投資。
682,ルークCC,泛用性表現中規中矩，面對非針對屬性時，傷害和坦度會有明顯不足。,核心定位為【屬性特化型角色】。 主要針對 <多種屬性敵人> 發揮特化效果。 · 輸出和生存兼顧：攻擊與耐久平衡，適合長線壓制與持續推進。,中等強度，可視關卡敵人屬性與陣容缺口，適當投入資源。
683,虚影の加護女神ベガ,白質面板偏低，不建議盲目帶入常駐推圖關卡。,核心定位為【屬性特化型角色】。 主要針對 <多種屬性敵人> 發揮特化效果。 · 輸出和生存兼顧：攻擊與耐久平衡，適合長線壓制與持續推進。,中等強度，可視關卡敵人屬性與陣容缺口，適當投入資源。
684,吸血鬼公爵・真田幸村,白質面板優秀，具備極高的常駐泛用性，即使面對非特化關卡也能作為主力出擊。,核心定位為【屬性特化型角色】。 主要針對 <漂浮敵人> 發揮特化效果。 · 傷害特化：對指定屬性敵人具極高爆發輸出，屬該屬性的絕佳輸出手。,綜合評價極高，強烈建議優先培養並編入對應關卡主力。
687,来光の女神シリウス,泛用性表現中規中矩，面對非針對屬性時，傷害和坦度會有明顯不足。,核心定位為【屬性壓制型角色】。 主要針對 <多種屬性敵人> 發揮壓制效果。 · 輸出和生存兼顧：攻擊與耐久平衡，適合長線壓制與持續推進。 · 針對多種屬性敵人發揮控場，泛用戰術價值較高。,中等強度，可視關卡敵人屬性與陣容缺口，適當投入資源。
688,トナカイ娘テルンζ,白質面板高，非針對屬性也有一定強度，在沒有更強力的泛用貓時，可作為萬用解上場。,核心定位為【戰術控場型角色】 擅長以 <打飛敵人> 控制 <黑色敵人、異星敵人> 。,中等強度，可視關卡敵人屬性與陣容缺口，適當投入資源。
691,天命の王フォノウ,白質面板高，非針對屬性也有一定強度，在沒有更強力的泛用貓時，可作為萬用解上場。,核心定位為【屬性特化型角色】。 主要針對 <多種屬性敵人> 發揮特化效果。 · 傷害特化：對指定屬性敵人具極高爆發輸出，屬該屬性的絕佳輸出手。,中等強度，可視關卡敵人屬性與陣容缺口，適當投入資源。
693,鬼襲戦艇コヅチマル,白質面板高，非針對屬性也有一定強度，在沒有更強力的泛用貓時，可作為萬用解上場。,核心定位為【屬性特化型角色】。 主要針對 <無屬性、天使> 發揮特化效果。 · 傷害特化：對指定屬性敵人具極高爆發輸出，屬該屬性的絕佳輸出手。,強度偏高，有一定的戰力，培養完成可以適應大部分關卡。
694,黒執事探偵グラヴィー,泛用性表現中規中矩，面對非針對屬性時，傷害和坦度會有明顯不足。,核心定位為【倉庫管理員】。 定位較為尷尬或屬於前期過渡角色，戰術價值有待開發。,中等強度，可視關卡敵人屬性與陣容缺口，適當投入資源。
699,ライトニングジャック,白質面板優秀，具備極高的常駐泛用性，即使面對非特化關卡也能作為主力出擊。,核心定位為【戰術控場型角色】 擅長以 <打飛敵人> 控制 <異星敵人、惡魔> 。,綜合評價極高，強烈建議優先培養並編入對應關卡主力。
700,決闘王者ラビットサトル,白質面板高，非針對屬性也有一定強度，在沒有更強力的泛用貓時，可作為萬用解上場。,核心定位為【戰術控場型角色】 擅長以 <使動作變慢> 控制 <無屬性> 。,強度偏高，有一定的戰力，培養完成可以適應大部分關卡。
706,断命の王ダークフォノウ,白質面板優秀，具備極高的常駐泛用性，即使面對非特化關卡也能作為主力出擊。,核心定位為【倉庫管理員】。 定位較為尷尬或屬於前期過渡角色，戰術價值有待開發。,強度偏高，有一定的戰力，培養完成可以適應大部分關卡。
710,碧眼の魔女アスカ,白質面板優秀，具備極高的常駐泛用性，即使面對非特化關卡也能作為主力出擊。,核心定位為【倉庫管理員】。 定位較為尷尬或屬於前期過渡角色，戰術價值有待開發。,強度偏高，有一定的戰力，培養完成可以適應大部分關卡。
711,エヴァ第13号機＆ネコ,白質面板高，非針對屬性也有一定強度，在沒有更強力的泛用貓時，可作為萬用解上場。,核心定位為【屬性特化型角色】。 主要針對 <惡魔> 發揮特化效果。 · 輸出和生存兼顧：攻擊與耐久平衡，適合長線壓制與持續推進。,強度偏高，有一定的戰力，培養完成可以適應大部分關卡。
713,カオランタタラン,白質面板偏低，不建議盲目帶入常駐推圖關卡。,核心定位為【戰術控場型角色】 · 針對多種屬性敵人發揮控場，泛用戰術價值較高。 主要使用 <打飛敵人> 發揮壓制能力。,中等強度，可視關卡敵人屬性與陣容缺口，適當投入資源。
715,大海原のダイバーカンナ,白質面板高，非針對屬性也有一定強度，在沒有更強力的泛用貓時，可作為萬用解上場。,核心定位為【倉庫管理員】。 定位較為尷尬或屬於前期過渡角色，戰術價值有待開發。,中等強度，可視關卡敵人屬性與陣容缺口，適當投入資源。
716,超突撃部隊コンボーイズ,泛用性表現中規中矩，面對非針對屬性時，傷害和坦度會有明顯不足。,核心定位為【屬性特化型角色】。 主要針對 <紅色敵人、鋼鐵敵人、不死生物> 發揮特化效果。 · 生存特化：在對應屬性關卡中坦度與續戰力突出，可站場承受傷害。,中等強度，可視關卡敵人屬性與陣容缺口，適當投入資源。
720,鋼鉄の精霊王ガンテツカッチン,白質面板偏低，不建議盲目帶入常駐推圖關卡。,核心定位為【倉庫管理員】。 定位較為尷尬或屬於前期過渡角色，戰術價值有待開發。,強度偏低，若對部分關卡有特殊對策性，可延後投資。
723,初音ミクCC 16th,白質面板高，非針對屬性也有一定強度，在沒有更強力的泛用貓時，可作為萬用解上場。,核心定位為【屬性特化型角色】。 主要針對 <黑色敵人> 發揮特化效果。 · 輸出和生存兼顧：攻擊與耐久平衡，適合長線壓制與持續推進。,強度偏高，有一定的戰力，培養完成可以適應大部分關卡。
724,Gネフェルイシス,泛用性表現中規中矩，面對非針對屬性時，傷害和坦度會有明顯不足。,核心定位為【倉庫管理員】。 定位較為尷尬或屬於前期過渡角色，戰術價值有待開發。,中等強度，可視關卡敵人屬性與陣容缺口，適當投入資源。
726,食道楽忍者トモエ,泛用性表現中規中矩，面對非針對屬性時，傷害和坦度會有明顯不足。,核心定位為【倉庫管理員】。 定位較為尷尬或屬於前期過渡角色，戰術價值有待開發。,強度偏低，若對部分關卡有特殊對策性，可延後投資。
734,鉄籠のペガサν,泛用性表現中規中矩，面對非針對屬性時，傷害和坦度會有明顯不足。,核心定位為【倉庫管理員】。 定位較為尷尬或屬於前期過渡角色，戰術價值有待開發。,中等強度，可視關卡敵人屬性與陣容缺口，適當投入資源。
737,ネコアイストップスター,白質面板高，非針對屬性也有一定強度，在沒有更強力的泛用貓時，可作為萬用解上場。,核心定位為【倉庫管理員】。 定位較為尷尬或屬於前期過渡角色，戰術價值有待開發。,中等強度，可視關卡敵人屬性與陣容缺口，適當投入資源。
738,スプリングXカリファ,泛用性表現中規中矩，面對非針對屬性時，傷害和坦度會有明顯不足。,核心定位為【屬性壓制型角色】。 主要針對 <不死生物> 發揮壓制效果。 · 傷害特化：對指定屬性敵人具極高爆發輸出，屬該屬性的絕佳輸出手。 擅長以 <詛咒> 控制 <不死生物> 。,綜合評價極高，強烈建議優先培養並編入對應關卡主力。
747,緋村剣心CC,泛用性表現中規中矩，面對非針對屬性時，傷害和坦度會有明顯不足。,核心定位為【屬性特化型角色】。 主要針對 <無屬性、惡魔> 發揮特化效果。 · 傷害特化：對指定屬性敵人具極高爆發輸出，屬該屬性的絕佳輸出手。,強度偏高，有一定的戰力，培養完成可以適應大部分關卡。
748,相楽左之助CC,泛用性表現中規中矩，面對非針對屬性時，傷害和坦度會有明顯不足。,核心定位為【屬性特化型角色】。 主要針對 <不死生物> 發揮特化效果。 · 生存特化：在對應屬性關卡中坦度與續戰力突出，可站場承受傷害。,強度偏高，有一定的戰力，培養完成可以適應大部分關卡。
749,四乃森蒼紫CC,泛用性表現中規中矩，面對非針對屬性時，傷害和坦度會有明顯不足。,核心定位為【倉庫管理員】。 定位較為尷尬或屬於前期過渡角色，戰術價值有待開發。,中等強度，可視關卡敵人屬性與陣容缺口，適當投入資源。
750,斎藤一CC,白質面板優秀，具備極高的常駐泛用性，即使面對非特化關卡也能作為主力出擊。,核心定位為【屬性特化型角色】。 主要針對 <紅色敵人、惡魔> 發揮特化效果。 · 傷害特化：對指定屬性敵人具極高爆發輸出，屬該屬性的絕佳輸出手。,綜合評價極高，強烈建議優先培養並編入對應關卡主力。
755,武神・明智光秀,白質面板偏低，不建議盲目帶入常駐推圖關卡。,核心定位為【倉庫管理員】。 定位較為尷尬或屬於前期過渡角色，戰術價值有待開發。,強度偏低，若對部分關卡有特殊對策性，可延後投資。
759,復讐の傭兵トリクシー,白質面板優秀，具備極高的常駐泛用性，即使面對非特化關卡也能作為主力出擊。,核心定位為【全能型複合角色】 同時兼具面板、對屬特化與控場機制， 屬於抽到值得優先培養的核心。,綜合評價極高，強烈建議優先培養並編入對應關卡主力。
760,サマーフェスサンディアβ,泛用性表現中規中矩，面對非針對屬性時，傷害和坦度會有明顯不足。,核心定位為【倉庫管理員】。 定位較為尷尬或屬於前期過渡角色，戰術價值有待開發。,中等強度，可視關卡敵人屬性與陣容缺口，適當投入資源。
761,砲龍王ガンドロス,白質面板偏低，不建議盲目帶入常駐推圖關卡。,核心定位為【戰術控場型角色】 擅長以 <多種控場能力> 控制 <黑色敵人、異星敵人> 。,中等強度，可視關卡敵人屬性與陣容缺口，適當投入資源。
763,ギガント全能神スーパーゼウス,泛用性表現中規中矩，面對非針對屬性時，傷害和坦度會有明顯不足。,核心定位為【屬性特化型角色】。 主要針對 <天使、惡魔> 發揮特化效果。 · 生存特化：在對應屬性關卡中坦度與續戰力突出，可站場承受傷害。,中等強度，可視關卡敵人屬性與陣容缺口，適當投入資源。
764,メカ・ネコダイナザウルス,白質面板偏低，不建議盲目帶入常駐推圖關卡。,核心定位為【倉庫管理員】。 定位較為尷尬或屬於前期過渡角色，戰術價值有待開發。,強度偏低，若對部分關卡有特殊對策性，可延後投資。
769,たいてんきCC,白質面板高，非針對屬性也有一定強度，在沒有更強力的泛用貓時，可作為萬用解上場。,核心定位為【倉庫管理員】。 定位較為尷尬或屬於前期過渡角色，戰術價值有待開發。,中等強度，可視關卡敵人屬性與陣容缺口，適當投入資源。
770,暴食怪樹オオザクラ,白質面板偏低，不建議盲目帶入常駐推圖關卡。,核心定位為【倉庫管理員】。 定位較為尷尬或屬於前期過渡角色，戰術價值有待開發。,強度偏低，若對部分關卡有特殊對策性，可延後投資。
773,ソドム・オー・ランタン,白質面板偏低，不建議盲目帶入常駐推圖關卡。,核心定位為【屬性壓制型角色】。 主要針對 <鋼鐵敵人> 發揮壓制效果。 · 生存特化：在對應屬性關卡中坦度與續戰力突出，可站場承受傷害。 擅長以 <打飛敵人> 控制 <鋼鐵敵人> 。,強度偏高，有一定的戰力，培養完成可以適應大部分關卡。
775,ダーティー・アクセル,白質面板偏低，不建議盲目帶入常駐推圖關卡。,核心定位為【倉庫管理員】。 定位較為尷尬或屬於前期過渡角色，戰術價值有待開發。,強度偏低，若對部分關卡有特殊對策性，可延後投資。
778,冬大将軍・成田甲斐,白質面板高，非針對屬性也有一定強度，在沒有更強力的泛用貓時，可作為萬用解上場。,核心定位為【倉庫管理員】。 定位較為尷尬或屬於前期過渡角色，戰術價值有待開發。,中等強度，可視關卡敵人屬性與陣容缺口，適當投入資源。
779,魔法結社にゃんこ☆マギカ,白質面板高，非針對屬性也有一定強度，在沒有更強力的泛用貓時，可作為萬用解上場。,核心定位為【戰術控場型角色】 擅長以 <多種控場能力> 控制 <漂浮敵人、異星敵人> 。,強度偏高，有一定的戰力，培養完成可以適應大部分關卡。
780,救済の天女ルナーシャ,白質面板優秀，具備極高的常駐泛用性，即使面對非特化關卡也能作為主力出擊。,核心定位為【全能型複合角色】 同時兼具面板、對屬特化與控場機制， 屬於抽到值得優先培養的核心。,綜合評價極高，強烈建議優先培養並編入對應關卡主力。
782,マモランパサラン,白質面板偏低，不建議盲目帶入常駐推圖關卡。,核心定位為【倉庫管理員】。 定位較為尷尬或屬於前期過渡角色，戰術價值有待開發。,強度偏低，若對部分關卡有特殊對策性，可延後投資。
784,超スターこねこ,白質面板優秀，具備極高的常駐泛用性，即使面對非特化關卡也能作為主力出擊。,核心定位為【倉庫管理員】。 定位較為尷尬或屬於前期過渡角色，戰術價值有待開發。,強度偏高，有一定的戰力，培養完成可以適應大部分關卡。
787,イリュージョンキャットマン,泛用性表現中規中矩，面對非針對屬性時，傷害和坦度會有明顯不足。,核心定位為【倉庫管理員】。 定位較為尷尬或屬於前期過渡角色，戰術價值有待開發。,強度偏低，若對部分關卡有特殊對策性，可延後投資。
788,寂滅の天女ダークルナーシャ,白質面板高，非針對屬性也有一定強度，在沒有更強力的泛用貓時，可作為萬用解上場。,核心定位為【全能型複合角色】 同時兼具面板、對屬特化與控場機制， 屬於抽到值得優先培養的核心。,強度偏高，有一定的戰力，培養完成可以適應大部分關卡。
790,範馬刃牙CC,白質面板偏低，不建議盲目帶入常駐推圖關卡。,核心定位為【戰術控場型角色】 擅長以 <打飛敵人> 控制 <不死生物、惡魔> 。,中等強度，可視關卡敵人屬性與陣容缺口，適當投入資源。
791,烈海王CC,泛用性表現中規中矩，面對非針對屬性時，傷害和坦度會有明顯不足。,核心定位為【屬性特化型角色】。 主要針對 <紅色敵人、異星敵人> 發揮特化效果。 · 輸出和生存兼顧：攻擊與耐久平衡，適合長線壓制與持續推進。,中等強度，可視關卡敵人屬性與陣容缺口，適當投入資源。
792,花山薫CC,白質面板優秀，具備極高的常駐泛用性，即使面對非特化關卡也能作為主力出擊。,核心定位為【全能型複合角色】 同時兼具面板、對屬特化與控場機制， 屬於抽到值得優先培養的核心。,綜合評價極高，強烈建議優先培養並編入對應關卡主力。
794,ジャック・ハンマーCC,泛用性表現中規中矩，面對非針對屬性時，傷害和坦度會有明顯不足。,核心定位為【倉庫管理員】。 定位較為尷尬或屬於前期過渡角色，戰術價值有待開發。,中等強度，可視關卡敵人屬性與陣容缺口，適當投入資源。
800,迎撃砲隊ガンハウザー,白質面板偏低，不建議盲目帶入常駐推圖關卡。,核心定位為【倉庫管理員】。 定位較為尷尬或屬於前期過渡角色，戰術價值有待開發。,強度偏低，若對部分關卡有特殊對策性，可延後投資。
804,ソニック＆ネコ,白質面板高，非針對屬性也有一定強度，在沒有更強力的泛用貓時，可作為萬用解上場。,核心定位為【倉庫管理員】。 定位較為尷尬或屬於前期過渡角色，戰術價值有待開發。,中等強度，可視關卡敵人屬性與陣容缺口，適當投入資源。
805,テイルス＆ネコ,泛用性表現中規中矩，面對非針對屬性時，傷害和坦度會有明顯不足。,核心定位為【戰術控場型角色】 擅長以 <詛咒> 控制 <紅色敵人、異星敵人> 。,強度偏高，有一定的戰力，培養完成可以適應大部分關卡。
807,シャドウ＆ネコ,泛用性表現中規中矩，面對非針對屬性時，傷害和坦度會有明顯不足。,核心定位為【倉庫管理員】。 定位較為尷尬或屬於前期過渡角色，戰術價值有待開發。,中等強度，可視關卡敵人屬性與陣容缺口，適當投入資源。
811,エッジマスター・スタール,白質面板優秀，具備極高的常駐泛用性，即使面對非特化關卡也能作為主力出擊。,核心定位為【全能型複合角色】 同時兼具面板、對屬特化與控場機制， 屬於抽到值得優先培養的核心。,綜合評價極高，強烈建議優先培養並編入對應關卡主力。
812,スカンダゼタ,泛用性表現中規中矩，面對非針對屬性時，傷害和坦度會有明顯不足。,核心定位為【倉庫管理員】。 定位較為尷尬或屬於前期過渡角色，戰術價值有待開發。,中等強度，可視關卡敵人屬性與陣容缺口，適當投入資源。
815,エヴァネコ量産機,白質面板高，非針對屬性也有一定強度，在沒有更強力的泛用貓時，可作為萬用解上場。,核心定位為【倉庫管理員】。 定位較為尷尬或屬於前期過渡角色，戰術價值有待開發。,中等強度，可視關卡敵人屬性與陣容缺口，適當投入資源。
818,樹木の精霊モリリン,白質面板高，非針對屬性也有一定強度，在沒有更強力的泛用貓時，可作為萬用解上場。,核心定位為【戰術控場型角色】 擅長以 <詛咒> 控制 <黑色敵人、異星敵人> 。,中等強度，可視關卡敵人屬性與陣容缺口，適當投入資源。
825,炎の大魔導師シドミ,泛用性表現中規中矩，面對非針對屬性時，傷害和坦度會有明顯不足。,核心定位為【屬性特化型角色】。 主要針對 <紅色敵人、漂浮敵人> 發揮特化效果。 · 生存特化：在對應屬性關卡中坦度與續戰力突出，可站場承受傷害。,中等強度，可視關卡敵人屬性與陣容缺口，適當投入資源。
827,キャミィCC,白質面板高，非針對屬性也有一定強度，在沒有更強力的泛用貓時，可作為萬用解上場。,核心定位為【屬性特化型角色】。 主要針對 <異星敵人> 發揮特化效果。 · 傷害特化：對指定屬性敵人具極高爆發輸出，屬該屬性的絕佳輸出手。,綜合評價極高，強烈建議優先培養並編入對應關卡主力。
828,ジュリCC,白質面板高，非針對屬性也有一定強度，在沒有更強力的泛用貓時，可作為萬用解上場。,核心定位為【戰術控場型角色】 · 同時具備多種控場手段，戰場覆蓋與壓制能力佳。 主要針對 <漂浮敵人、天使> 發揮壓制能力。,中等強度，可視關卡敵人屬性與陣容缺口，適當投入資源。
831,獅子番長ラクレスΣ,泛用性表現中規中矩，面對非針對屬性時，傷害和坦度會有明顯不足。,核心定位為【屬性壓制型角色】。 主要針對 <漂浮敵人> 發揮壓制效果。 · 輸出和生存兼顧：攻擊與耐久平衡，適合長線壓制與持續推進。 擅長以 <多種控場能力> 控制 <漂浮敵人> 。,綜合評價極高，強烈建議優先培養並編入對應關卡主力。
837,超グレートニャンコオーDX,泛用性表現中規中矩，面對非針對屬性時，傷害和坦度會有明顯不足。,核心定位為【屬性特化型角色】。 主要針對 <紅色敵人、黑色敵人、惡魔> 發揮特化效果。 · 輸出和生存兼顧：攻擊與耐久平衡，適合長線壓制與持續推進。,強度偏高，有一定的戰力，培養完成可以適應大部分關卡。
838,満月の騎士ルーノス,白質面板高，非針對屬性也有一定強度，在沒有更強力的泛用貓時，可作為萬用解上場。,核心定位為【全能型複合角色】 同時兼具面板、對屬特化與控場機制， 屬於抽到值得優先培養的核心。,強度偏高，有一定的戰力，培養完成可以適應大部分關卡。
841,竈門炭治郎CC,泛用性表現中規中矩，面對非針對屬性時，傷害和坦度會有明顯不足。,核心定位為【倉庫管理員】。 定位較為尷尬或屬於前期過渡角色，戰術價值有待開發。,中等強度，可視關卡敵人屬性與陣容缺口，適當投入資源。
842,竈門禰豆子CC,白質面板優秀，具備極高的常駐泛用性，即使面對非特化關卡也能作為主力出擊。,核心定位為【戰術控場型角色】 擅長以 <多種控場能力> 控制 <無屬性、異星敵人、不死生物> 。,綜合評價極高，強烈建議優先培養並編入對應關卡主力。
843,我妻善逸CC,泛用性表現中規中矩，面對非針對屬性時，傷害和坦度會有明顯不足。,核心定位為【屬性特化型角色】。 主要針對 <不死生物> 發揮特化效果。 · 傷害特化：對指定屬性敵人具極高爆發輸出，屬該屬性的絕佳輸出手。,強度偏高，有一定的戰力，培養完成可以適應大部分關卡。
844,嘴平伊之助CC,白質面板優秀，具備極高的常駐泛用性，即使面對非特化關卡也能作為主力出擊。,核心定位為【全能型複合角色】 同時兼具面板、對屬特化與控場機制， 屬於抽到值得優先培養的核心。,強度偏高，有一定的戰力，培養完成可以適應大部分關卡。
845,冨岡義勇CC,泛用性表現中規中矩，面對非針對屬性時，傷害和坦度會有明顯不足。,核心定位為【屬性壓制型角色】。 主要針對 <無屬性、紅色敵人> 發揮壓制效果。 · 輸出和生存兼顧：攻擊與耐久平衡，適合長線壓制與持續推進。 擅長以 <多種控場能力> 控制 <無屬性、紅色敵人> 。,強度偏高，有一定的戰力，培養完成可以適應大部分關卡。
846,胡蝶しのぶCC,白質面板高，非針對屬性也有一定強度，在沒有更強力的泛用貓時，可作為萬用解上場。,核心定位為【倉庫管理員】。 定位較為尷尬或屬於前期過渡角色，戰術價值有待開發。,強度偏高，有一定的戰力，培養完成可以適應大部分關卡。
847,煉獄杏寿郎CC,白質面板高，非針對屬性也有一定強度，在沒有更強力的泛用貓時，可作為萬用解上場。,核心定位為【戰術控場型角色】 擅長以 <攻擊力下降> 控制 <黑色敵人、異星敵人> 。,中等強度，可視關卡敵人屬性與陣容缺口，適當投入資源。
851,蛇神・風魔小太郎,白質面板高，非針對屬性也有一定強度，在沒有更強力的泛用貓時，可作為萬用解上場。,核心定位為【倉庫管理員】。 定位較為尷尬或屬於前期過渡角色，戰術價值有待開發。,中等強度，可視關卡敵人屬性與陣容缺口，適當投入資源。
860,晦月の騎士ダークルーノス,白質面板高，非針對屬性也有一定強度，在沒有更強力的泛用貓時，可作為萬用解上場。,核心定位為【全能型複合角色】 同時兼具面板、對屬特化與控場機制， 屬於抽到值得優先培養的核心。,綜合評價極高，強烈建議優先培養並編入對應關卡主力。
449,無双の剣神・宮本武蔵,白質面板高，非針對屬性也有一定強度，在沒有更強力的泛用貓時，可作為萬用解上場。,核心定位為【全能型複合角色】 同時兼具面板、對屬特化與控場機制， 屬於抽到值得優先培養的核心。,綜合評價極高，強烈建議優先培養並編入對應關卡主力。
450,神聖会長ジャンヌダルクψ,白質面板高，非針對屬性也有一定強度，在沒有更強力的泛用貓時，可作為萬用解上場。,核心定位為【屬性特化型角色】。 主要針對 <紅色敵人、漂浮敵人> 發揮特化效果。 · 傷害特化：對指定屬性敵人具極高爆發輸出，屬該屬性的絕佳輸出手。,強度偏高，有一定的戰力，培養完成可以適應大部分關卡。
451,天魔城龍バベル,泛用性表現中規中矩，面對非針對屬性時，傷害和坦度會有明顯不足。,核心定位為【屬性特化型角色】。 主要針對 <紅色敵人、漂浮敵人> 發揮特化效果。 · 生存特化：在對應屬性關卡中坦度與續戰力突出，可站場承受傷害。,中等強度，可視關卡敵人屬性與陣容缺口，適當投入資源。
452,巨大神兵ベンケイ,泛用性表現中規中矩，面對非針對屬性時，傷害和坦度會有明顯不足。,核心定位為【屬性特化型角色】。 主要針對 <天使> 發揮特化效果。 · 傷害特化：對指定屬性敵人具極高爆發輸出，屬該屬性的絕佳輸出手。 · 生存特化：在對應屬性關卡中坦度與續戰力突出，可站場承受傷害。,強度偏高，有一定的戰力，培養完成可以適應大部分關卡。
456,キューティー・モモコ,白質面板高，非針對屬性也有一定強度，在沒有更強力的泛用貓時，可作為萬用解上場。,核心定位為【倉庫管理員】。 定位較為尷尬或屬於前期過渡角色，戰術價值有待開發。,中等強度，可視關卡敵人屬性與陣容缺口，適當投入資源。
462,レジェランパサラン,泛用性表現中規中矩，面對非針對屬性時，傷害和坦度會有明顯不足。,核心定位為【倉庫管理員】。 定位較為尷尬或屬於前期過渡角色，戰術價值有待開發。,中等強度，可視關卡敵人屬性與陣容缺口，適當投入資源。
464,極秘研究機関パンドラ,泛用性表現中規中矩，面對非針對屬性時，傷害和坦度會有明顯不足。,核心定位為【屬性特化型角色】。 主要針對 <不死生物> 發揮特化效果。 · 傷害特化：對指定屬性敵人具極高爆發輸出，屬該屬性的絕佳輸出手。 · 生存特化：在對應屬性關卡中坦度與續戰力突出，可站場承受傷害。,綜合評價極高，強烈建議優先培養並編入對應關卡主力。
467,闇次神子ブラックゼウス,泛用性表現中規中矩，面對非針對屬性時，傷害和坦度會有明顯不足。,核心定位為【屬性壓制型角色】。 主要針對 <無屬性> 發揮壓制效果。 · 傷害特化：對指定屬性敵人具極高爆發輸出，屬該屬性的絕佳輸出手。 擅長以 <攻擊力下降> 控制 <無屬性> 。,強度偏高，有一定的戰力，培養完成可以適應大部分關卡。
479,夢幻の精霊ルミナリア,白質面板高，非針對屬性也有一定強度，在沒有更強力的泛用貓時，可作為萬用解上場。,核心定位為【屬性特化型角色】。 主要針對 <異星敵人> 發揮特化效果。 · 生存特化：在對應屬性關卡中坦度與續戰力突出，可站場承受傷害。,綜合評價極高，強烈建議優先培養並編入對應關卡主力。
482,時空科学者アビス博士,白質面板高，非針對屬性也有一定強度，在沒有更強力的泛用貓時，可作為萬用解上場。,核心定位為【倉庫管理員】。 定位較為尷尬或屬於前期過渡角色，戰術價值有待開發。,中等強度，可視關卡敵人屬性與陣容缺口，適當投入資源。
494,ゴッドガイア,泛用性表現中規中矩，面對非針對屬性時，傷害和坦度會有明顯不足。,核心定位為【屬性特化型角色】。 主要針對 <多種屬性敵人> 發揮特化效果。 · 傷害特化：對指定屬性敵人具極高爆發輸出，屬該屬性的絕佳輸出手。,中等強度，可視關卡敵人屬性與陣容缺口，適當投入資源。
511,豪鬼CC,白質面板高，非針對屬性也有一定強度，在沒有更強力的泛用貓時，可作為萬用解上場。,核心定位為【屬性特化型角色】。 主要針對 <無屬性> 發揮特化效果。 · 傷害特化：對指定屬性敵人具極高爆發輸出，屬該屬性的絕佳輸出手。,強度偏高，有一定的戰力，培養完成可以適應大部分關卡。
545,京坂七穂・真,白質面板高，非針對屬性也有一定強度，在沒有更強力的泛用貓時，可作為萬用解上場。,核心定位為【屬性特化型角色】。 主要針對 <鋼鐵敵人、不死生物> 發揮特化效果。 · 生存特化：在對應屬性關卡中坦度與續戰力突出，可站場承受傷害。,強度偏高，有一定的戰力，培養完成可以適應大部分關卡。
587,ネコ国王,白質面板偏低，不建議盲目帶入常駐推圖關卡。,核心定位為【倉庫管理員】。 定位較為尷尬或屬於前期過渡角色，戰術價值有待開發。,綜合評價極低，幾乎沒有對策性，不推薦抽取及培養。
732,暁光のイザナギ,白質面板優秀，具備極高的常駐泛用性，即使面對非特化關卡也能作為主力出擊。,核心定位為【全能型複合角色】 同時兼具面板、對屬特化與控場機制， 屬於抽到值得優先培養的核心。,強度偏高，有一定的戰力，培養完成可以適應大部分關卡。
739,宵闇のイザナミ,白質面板高，非針對屬性也有一定強度，在沒有更強力的泛用貓時，可作為萬用解上場。,核心定位為【全能型複合角色】 同時兼具面板、對屬特化與控場機制， 屬於抽到值得優先培養的核心。,綜合評價極高，強烈建議優先培養並編入對應關卡主力。
816,落月のシ者カヲル,泛用性表現中規中矩，面對非針對屬性時，傷害和坦度會有明顯不足。,核心定位為【屬性壓制型角色】。 主要針對 <無屬性> 發揮壓制效果。 · 傷害特化：對指定屬性敵人具極高爆發輸出，屬該屬性的絕佳輸出手。 擅長以 <打飛敵人> 控制 <無屬性> 。,強度偏高，有一定的戰力，培養完成可以適應大部分關卡。
